checkpoint,mtime_utc,sha256
dermamnist_seed42.pt,2026-06-13T04:32:31Z,0d55344a5e62263561a9236c29a675a1c8fed8020ed4a91efc6266a241fbaa2e
pneumoniamnist_seed42.pt,2026-06-13T04:33:13Z,d4ac570d8addae46811f0ab67e6f3890b6dbb310f2b0399a5166c00eecd65a8f
bloodmnist_seed42.pt,2026-06-13T04:34:56Z,04c75852b757e0d5f18de7b0122abca3f7c5430f886a5f45c3268849a8810a9f
pathmnist_seed42.pt,2026-06-13T04:47:20Z,f293f979bed796195b85b18c22479a0de8fc2e98dba2cd1dad5b97f4258645a0
dermamnist_seed123.pt,2026-06-13T22:12:26Z,8ccc066e2b7d03e9bcd676c1f0f15fef58f758c2f5d906e30c290bbe7d786d30
dermamnist_seed456.pt,2026-06-13T22:13:20Z,64ae2c3a7474c7ac6d58e549752f09b71ea0fe57fc1515fdd872fc34470f897e
pneumoniamnist_seed123.pt,2026-06-13T22:13:55Z,9ca190c298c12707025f3be88d9a00e22c535a23680d74ab7483ed7af1e1ea3e
pneumoniamnist_seed456.pt,2026-06-13T22:14:29Z,8e787f32e17cc57bb6609fd505d535a7f2c87dcf3082e3aae17db4face4eb8c0
bloodmnist_seed123.pt,2026-06-13T22:16:01Z,a2eb1735919b91cca90a8b2da61d6f16842bce86af0e7223f596602dbcf2ecf2
bloodmnist_seed456.pt,2026-06-13T22:17:31Z,7435ce812d24c68ef5364791eac1faad9c8c2faf3224268bcffe19f9004ce59a
pathmnist_seed123.pt,2026-06-13T22:28:47Z,34da9da67fa45795b9b8929c57694772282eb2e017dd76f16b290d0b01b16f3b
pathmnist_seed456.pt,2026-06-13T22:39:59Z,6c67264d552647758bb2ed518a33782bf190700d31dfdfabbdb7fa6a1a901438
