dataset,seed,method,split,bpw,size_mb,acc,auc,f1_macro
bloodmnist,123,fp32,val,32.0,6.0714,0.9725,0.9991,0.9699
bloodmnist,123,fp32,test,32.0,6.0714,0.9693,0.9985,0.9686
bloodmnist,123,fp16,val,16.0,3.0521,0.9731,0.9991,0.9708
bloodmnist,123,fp16,test,16.0,3.0521,0.9693,0.9985,0.9686
bloodmnist,123,int8_minmax,val,8.105,1.5624,0.9755,0.999,0.9729
bloodmnist,123,int8_minmax,test,8.105,1.5624,0.9687,0.9984,0.9677
bloodmnist,123,uniform_2bit_naive,val,2.105,0.4301,0.1793,0.5425,0.1104
bloodmnist,123,uniform_2bit_naive,test,2.105,0.4301,0.1763,0.5429,0.1
bloodmnist,123,uniform_2bit_policy,val,2.14,0.4366,0.1706,0.5079,0.1067
bloodmnist,123,uniform_2bit_policy,test,2.14,0.4366,0.1757,0.5114,0.1105
bloodmnist,123,turboquant_2bit_naive,val,2.105,0.4301,0.2167,0.5474,0.1367
bloodmnist,123,turboquant_2bit_naive,test,2.105,0.4301,0.1994,0.5492,0.1231
bloodmnist,123,turboquant_2bit_policy1,val,2.14,0.4366,0.2167,0.5032,0.1041
bloodmnist,123,turboquant_2bit_policy1,test,2.14,0.4366,0.2163,0.5049,0.1043
bloodmnist,123,turboquant_2bit_policy8,val,2.14,0.4366,0.1437,0.4913,0.1081
bloodmnist,123,turboquant_2bit_policy8,test,2.14,0.4366,0.1254,0.4856,0.091
bloodmnist,123,uniform_3bit_naive,val,3.105,0.6188,0.153,0.5009,0.0639
bloodmnist,123,uniform_3bit_naive,test,3.105,0.6188,0.1684,0.5136,0.0769
bloodmnist,123,uniform_3bit_policy,val,3.134,0.6242,0.1565,0.4852,0.0771
bloodmnist,123,uniform_3bit_policy,test,3.134,0.6242,0.1517,0.4969,0.0699
bloodmnist,123,turboquant_3bit_naive,val,3.105,0.6188,0.1449,0.4435,0.0326
bloodmnist,123,turboquant_3bit_naive,test,3.105,0.6188,0.1421,0.4515,0.0336
bloodmnist,123,turboquant_3bit_policy1,val,3.134,0.6242,0.0993,0.5234,0.053
bloodmnist,123,turboquant_3bit_policy1,test,3.134,0.6242,0.1058,0.5328,0.0557
bloodmnist,123,turboquant_3bit_policy8,val,3.134,0.6242,0.2348,0.6498,0.1311
bloodmnist,123,turboquant_3bit_policy8,test,3.134,0.6242,0.2295,0.6606,0.1293
bloodmnist,123,uniform_4bit_naive,val,4.105,0.8075,0.507,0.8502,0.4124
bloodmnist,123,uniform_4bit_naive,test,4.105,0.8075,0.4931,0.8504,0.3971
bloodmnist,123,uniform_4bit_policy,val,4.128,0.8119,0.6308,0.9031,0.4957
bloodmnist,123,uniform_4bit_policy,test,4.128,0.8119,0.6188,0.9026,0.4883
bloodmnist,123,turboquant_4bit_naive,val,4.105,0.8075,0.7342,0.9504,0.6522
bloodmnist,123,turboquant_4bit_naive,test,4.105,0.8075,0.7235,0.9523,0.6514
bloodmnist,123,turboquant_4bit_policy1,val,4.128,0.8119,0.5812,0.9042,0.5185
bloodmnist,123,turboquant_4bit_policy1,test,4.128,0.8119,0.5826,0.9109,0.5224
bloodmnist,123,turboquant_4bit_policy8,val,4.128,0.8119,0.4667,0.8569,0.3787
bloodmnist,123,turboquant_4bit_policy8,test,4.128,0.8119,0.4715,0.8568,0.3905
bloodmnist,42,fp32,val,32.0,6.0714,0.9761,0.9992,0.975
bloodmnist,42,fp32,test,32.0,6.0714,0.9693,0.9982,0.9679
bloodmnist,42,fp16,val,16.0,3.0521,0.9761,0.9992,0.975
bloodmnist,42,fp16,test,16.0,3.0521,0.9696,0.9982,0.9683
bloodmnist,42,int8_minmax,val,8.105,1.5624,0.972,0.999,0.9701
bloodmnist,42,int8_minmax,test,8.105,1.5624,0.9684,0.9982,0.967
bloodmnist,42,uniform_2bit_naive,val,2.105,0.4301,0.1326,0.4766,0.0529
bloodmnist,42,uniform_2bit_naive,test,2.105,0.4301,0.1421,0.4806,0.0568
bloodmnist,42,uniform_2bit_policy,val,2.14,0.4366,0.1297,0.4771,0.074
bloodmnist,42,uniform_2bit_policy,test,2.14,0.4366,0.1426,0.4844,0.0802
bloodmnist,42,turboquant_2bit_naive,val,2.105,0.4301,0.0853,0.6027,0.0245
bloodmnist,42,turboquant_2bit_naive,test,2.105,0.4301,0.0865,0.6043,0.0238
bloodmnist,42,turboquant_2bit_policy1,val,2.14,0.4366,0.0853,0.4307,0.0576
bloodmnist,42,turboquant_2bit_policy1,test,2.14,0.4366,0.0666,0.4054,0.046
bloodmnist,42,turboquant_2bit_policy8,val,2.14,0.4366,0.1402,0.5215,0.0793
bloodmnist,42,turboquant_2bit_policy8,test,2.14,0.4366,0.1462,0.5175,0.0854
bloodmnist,42,uniform_3bit_naive,val,3.105,0.6188,0.1636,0.5098,0.0677
bloodmnist,42,uniform_3bit_naive,test,3.105,0.6188,0.1663,0.5079,0.0723
bloodmnist,42,uniform_3bit_policy,val,3.134,0.6242,0.1571,0.5073,0.071
bloodmnist,42,uniform_3bit_policy,test,3.134,0.6242,0.1511,0.5013,0.0685
bloodmnist,42,turboquant_3bit_naive,val,3.105,0.6188,0.2599,0.6125,0.1698
bloodmnist,42,turboquant_3bit_naive,test,3.105,0.6188,0.2564,0.6094,0.1668
bloodmnist,42,turboquant_3bit_policy1,val,3.134,0.6242,0.2068,0.6435,0.0887
bloodmnist,42,turboquant_3bit_policy1,test,3.134,0.6242,0.2128,0.6463,0.0941
bloodmnist,42,turboquant_3bit_policy8,val,3.134,0.6242,0.2144,0.7049,0.0803
bloodmnist,42,turboquant_3bit_policy8,test,3.134,0.6242,0.2163,0.7029,0.0914
bloodmnist,42,uniform_4bit_naive,val,4.105,0.8075,0.6361,0.8553,0.4641
bloodmnist,42,uniform_4bit_naive,test,4.105,0.8075,0.6407,0.8626,0.4796
bloodmnist,42,uniform_4bit_policy,val,4.128,0.8119,0.7518,0.9417,0.594
bloodmnist,42,uniform_4bit_policy,test,4.128,0.8119,0.7609,0.945,0.6233
bloodmnist,42,turboquant_4bit_naive,val,4.105,0.8075,0.5549,0.8691,0.4469
bloodmnist,42,turboquant_4bit_naive,test,4.105,0.8075,0.5639,0.8814,0.4518
bloodmnist,42,turboquant_4bit_policy1,val,4.128,0.8119,0.6881,0.9199,0.6074
bloodmnist,42,turboquant_4bit_policy1,test,4.128,0.8119,0.6855,0.9217,0.6136
bloodmnist,42,turboquant_4bit_policy8,val,4.128,0.8119,0.8067,0.9699,0.7505
bloodmnist,42,turboquant_4bit_policy8,test,4.128,0.8119,0.8179,0.9733,0.7583
bloodmnist,456,fp32,val,32.0,6.0714,0.9749,0.9991,0.9736
bloodmnist,456,fp32,test,32.0,6.0714,0.9737,0.9987,0.9734
bloodmnist,456,fp16,val,16.0,3.0521,0.9749,0.9991,0.9736
bloodmnist,456,fp16,test,16.0,3.0521,0.9737,0.9987,0.9733
bloodmnist,456,int8_minmax,val,8.105,1.5624,0.9755,0.9991,0.9746
bloodmnist,456,int8_minmax,test,8.105,1.5624,0.9722,0.9986,0.9714
bloodmnist,456,uniform_2bit_naive,val,2.105,0.4301,0.177,0.5018,0.0831
bloodmnist,456,uniform_2bit_naive,test,2.105,0.4301,0.1804,0.506,0.0885
bloodmnist,456,uniform_2bit_policy,val,2.14,0.4366,0.1706,0.4945,0.0455
bloodmnist,456,uniform_2bit_policy,test,2.14,0.4366,0.1801,0.4973,0.0478
bloodmnist,456,turboquant_2bit_naive,val,2.105,0.4301,0.1454,0.5006,0.059
bloodmnist,456,turboquant_2bit_naive,test,2.105,0.4301,0.1526,0.5083,0.0618
bloodmnist,456,turboquant_2bit_policy1,val,2.14,0.4366,0.1361,0.4561,0.0689
bloodmnist,456,turboquant_2bit_policy1,test,2.14,0.4366,0.1438,0.4582,0.0731
bloodmnist,456,turboquant_2bit_policy8,val,2.14,0.4366,0.1735,0.5246,0.0768
bloodmnist,456,turboquant_2bit_policy8,test,2.14,0.4366,0.1748,0.5324,0.0801
bloodmnist,456,uniform_3bit_naive,val,3.105,0.6188,0.1215,0.4493,0.0581
bloodmnist,456,uniform_3bit_naive,test,3.105,0.6188,0.1143,0.451,0.0566
bloodmnist,456,uniform_3bit_policy,val,3.134,0.6242,0.0999,0.4426,0.054
bloodmnist,456,uniform_3bit_policy,test,3.134,0.6242,0.0997,0.4296,0.0558
bloodmnist,456,turboquant_3bit_naive,val,3.105,0.6188,0.3417,0.759,0.2085
bloodmnist,456,turboquant_3bit_naive,test,3.105,0.6188,0.3446,0.7695,0.2131
bloodmnist,456,turboquant_3bit_policy1,val,3.134,0.6242,0.1746,0.6182,0.0679
bloodmnist,456,turboquant_3bit_policy1,test,3.134,0.6242,0.1777,0.6278,0.0671
bloodmnist,456,turboquant_3bit_policy8,val,3.134,0.6242,0.1764,0.6655,0.117
bloodmnist,456,turboquant_3bit_policy8,test,3.134,0.6242,0.19,0.6736,0.1241
bloodmnist,456,uniform_4bit_naive,val,4.105,0.8075,0.3172,0.7673,0.2623
bloodmnist,456,uniform_4bit_naive,test,4.105,0.8075,0.3131,0.7635,0.2628
bloodmnist,456,uniform_4bit_policy,val,4.128,0.8119,0.6893,0.9474,0.5682
bloodmnist,456,uniform_4bit_policy,test,4.128,0.8119,0.7007,0.9459,0.5875
bloodmnist,456,turboquant_4bit_naive,val,4.105,0.8075,0.2009,0.628,0.1412
bloodmnist,456,turboquant_4bit_naive,test,4.105,0.8075,0.1836,0.6195,0.1358
bloodmnist,456,turboquant_4bit_policy1,val,4.128,0.8119,0.6232,0.91,0.5314
bloodmnist,456,turboquant_4bit_policy1,test,4.128,0.8119,0.6329,0.9082,0.5374
bloodmnist,456,turboquant_4bit_policy8,val,4.128,0.8119,0.5672,0.9229,0.4949
bloodmnist,456,turboquant_4bit_policy8,test,4.128,0.8119,0.5674,0.92,0.4951
dermamnist,123,fp32,val,32.0,6.0673,0.7807,0.9245,0.551
dermamnist,123,fp32,test,32.0,6.0673,0.7845,0.9203,0.5601
dermamnist,123,fp16,val,16.0,3.0501,0.7797,0.9244,0.5512
dermamnist,123,fp16,test,16.0,3.0501,0.7845,0.9203,0.5604
dermamnist,123,int8_minmax,val,8.105,1.5613,0.7727,0.9232,0.5473
dermamnist,123,int8_minmax,test,8.105,1.5613,0.781,0.9207,0.5564
dermamnist,123,uniform_2bit_naive,val,2.105,0.4299,0.667,0.5061,0.1316
dermamnist,123,uniform_2bit_naive,test,2.105,0.4299,0.6633,0.5017,0.1199
dermamnist,123,uniform_2bit_policy,val,2.136,0.4356,0.668,0.5012,0.117
dermamnist,123,uniform_2bit_policy,test,2.136,0.4356,0.6693,0.5024,0.1183
dermamnist,123,turboquant_2bit_naive,val,2.105,0.4299,0.667,0.6262,0.1145
dermamnist,123,turboquant_2bit_naive,test,2.105,0.4299,0.6613,0.5846,0.1139
dermamnist,123,turboquant_2bit_policy1,val,2.136,0.4356,0.669,0.5017,0.1145
dermamnist,123,turboquant_2bit_policy1,test,2.136,0.4356,0.6688,0.5006,0.1145
dermamnist,123,turboquant_2bit_policy8,val,2.136,0.4356,0.671,0.5152,0.1198
dermamnist,123,turboquant_2bit_policy8,test,2.136,0.4356,0.6668,0.4936,0.1156
dermamnist,123,uniform_3bit_naive,val,3.105,0.6185,0.667,0.6185,0.1144
dermamnist,123,uniform_3bit_naive,test,3.105,0.6185,0.6683,0.5901,0.1145
dermamnist,123,uniform_3bit_policy,val,3.131,0.6232,0.668,0.6036,0.1144
dermamnist,123,uniform_3bit_policy,test,3.131,0.6232,0.6688,0.6085,0.1145
dermamnist,123,turboquant_3bit_naive,val,3.105,0.6185,0.655,0.5262,0.1176
dermamnist,123,turboquant_3bit_naive,test,3.105,0.6185,0.6514,0.5088,0.122
dermamnist,123,turboquant_3bit_policy1,val,3.131,0.6232,0.5683,0.5794,0.1252
dermamnist,123,turboquant_3bit_policy1,test,3.131,0.6232,0.584,0.5793,0.1282
dermamnist,123,turboquant_3bit_policy8,val,3.131,0.6232,0.5095,0.5437,0.1063
dermamnist,123,turboquant_3bit_policy8,test,3.131,0.6232,0.5401,0.5845,0.1129
dermamnist,123,uniform_4bit_naive,val,4.105,0.807,0.683,0.7415,0.1956
dermamnist,123,uniform_4bit_naive,test,4.105,0.807,0.6828,0.7415,0.2032
dermamnist,123,uniform_4bit_policy,val,4.126,0.8108,0.683,0.75,0.1974
dermamnist,123,uniform_4bit_policy,test,4.126,0.8108,0.6878,0.7553,0.2231
dermamnist,123,turboquant_4bit_naive,val,4.105,0.807,0.6381,0.7393,0.2568
dermamnist,123,turboquant_4bit_naive,test,4.105,0.807,0.6244,0.7491,0.2465
dermamnist,123,turboquant_4bit_policy1,val,4.126,0.8108,0.673,0.74,0.229
dermamnist,123,turboquant_4bit_policy1,test,4.126,0.8108,0.6658,0.7125,0.2379
dermamnist,123,turboquant_4bit_policy8,val,4.126,0.8108,0.6451,0.7743,0.2743
dermamnist,123,turboquant_4bit_policy8,test,4.126,0.8108,0.6389,0.7773,0.2852
dermamnist,42,fp32,val,32.0,6.0673,0.7667,0.9282,0.5486
dermamnist,42,fp32,test,32.0,6.0673,0.7451,0.9117,0.5105
dermamnist,42,fp16,val,16.0,3.0501,0.7677,0.9283,0.5464
dermamnist,42,fp16,test,16.0,3.0501,0.7441,0.9118,0.5079
dermamnist,42,int8_minmax,val,8.105,1.5613,0.7667,0.9263,0.5405
dermamnist,42,int8_minmax,test,8.105,1.5613,0.7476,0.91,0.5053
dermamnist,42,uniform_2bit_naive,val,2.105,0.4299,0.669,0.5,0.1145
dermamnist,42,uniform_2bit_naive,test,2.105,0.4299,0.6688,0.5,0.1145
dermamnist,42,uniform_2bit_policy,val,2.136,0.4356,0.669,0.5,0.1145
dermamnist,42,uniform_2bit_policy,test,2.136,0.4356,0.6688,0.5,0.1145
dermamnist,42,turboquant_2bit_naive,val,2.105,0.4299,0.669,0.4659,0.1146
dermamnist,42,turboquant_2bit_naive,test,2.105,0.4299,0.6668,0.4676,0.1144
dermamnist,42,turboquant_2bit_policy1,val,2.136,0.4356,0.669,0.5215,0.1145
dermamnist,42,turboquant_2bit_policy1,test,2.136,0.4356,0.6688,0.5728,0.1158
dermamnist,42,turboquant_2bit_policy8,val,2.136,0.4356,0.668,0.4928,0.1144
dermamnist,42,turboquant_2bit_policy8,test,2.136,0.4356,0.6688,0.5111,0.1145
dermamnist,42,uniform_3bit_naive,val,3.105,0.6185,0.667,0.53,0.117
dermamnist,42,uniform_3bit_naive,test,3.105,0.6185,0.6658,0.5317,0.1155
dermamnist,42,uniform_3bit_policy,val,3.131,0.6232,0.672,0.5329,0.1248
dermamnist,42,uniform_3bit_policy,test,3.131,0.6232,0.6678,0.5351,0.1169
dermamnist,42,turboquant_3bit_naive,val,3.105,0.6185,0.6481,0.5802,0.1263
dermamnist,42,turboquant_3bit_naive,test,3.105,0.6185,0.6544,0.6031,0.1323
dermamnist,42,turboquant_3bit_policy1,val,3.131,0.6232,0.653,0.4222,0.1177
dermamnist,42,turboquant_3bit_policy1,test,3.131,0.6232,0.6603,0.4342,0.1234
dermamnist,42,turboquant_3bit_policy8,val,3.131,0.6232,0.664,0.6525,0.1169
dermamnist,42,turboquant_3bit_policy8,test,3.131,0.6232,0.6663,0.6307,0.1157
dermamnist,42,uniform_4bit_naive,val,4.105,0.807,0.665,0.7926,0.2439
dermamnist,42,uniform_4bit_naive,test,4.105,0.807,0.6504,0.7867,0.2338
dermamnist,42,uniform_4bit_policy,val,4.126,0.8108,0.65,0.7929,0.2589
dermamnist,42,uniform_4bit_policy,test,4.126,0.8108,0.6304,0.7913,0.2389
dermamnist,42,turboquant_4bit_naive,val,4.105,0.807,0.666,0.6958,0.1259
dermamnist,42,turboquant_4bit_naive,test,4.105,0.807,0.6678,0.6977,0.1484
dermamnist,42,turboquant_4bit_policy1,val,4.126,0.8108,0.678,0.7255,0.1961
dermamnist,42,turboquant_4bit_policy1,test,4.126,0.8108,0.6743,0.7473,0.1635
dermamnist,42,turboquant_4bit_policy8,val,4.126,0.8108,0.6859,0.7901,0.2818
dermamnist,42,turboquant_4bit_policy8,test,4.126,0.8108,0.6868,0.7992,0.21
dermamnist,456,fp32,val,32.0,6.0673,0.7827,0.9357,0.5628
dermamnist,456,fp32,test,32.0,6.0673,0.7656,0.9189,0.5445
dermamnist,456,fp16,val,16.0,3.0501,0.7807,0.9357,0.5592
dermamnist,456,fp16,test,16.0,3.0501,0.7641,0.9189,0.5439
dermamnist,456,int8_minmax,val,8.105,1.5613,0.7856,0.9318,0.5661
dermamnist,456,int8_minmax,test,8.105,1.5613,0.7571,0.9191,0.5371
dermamnist,456,uniform_2bit_naive,val,2.105,0.4299,0.669,0.5,0.1145
dermamnist,456,uniform_2bit_naive,test,2.105,0.4299,0.6688,0.5,0.1145
dermamnist,456,uniform_2bit_policy,val,2.136,0.4356,0.669,0.5,0.1145
dermamnist,456,uniform_2bit_policy,test,2.136,0.4356,0.6688,0.5,0.1145
dermamnist,456,turboquant_2bit_naive,val,2.105,0.4299,0.669,0.4434,0.1145
dermamnist,456,turboquant_2bit_naive,test,2.105,0.4299,0.6688,0.4452,0.1145
dermamnist,456,turboquant_2bit_policy1,val,2.136,0.4356,0.669,0.5242,0.1145
dermamnist,456,turboquant_2bit_policy1,test,2.136,0.4356,0.6683,0.519,0.1145
dermamnist,456,turboquant_2bit_policy8,val,2.136,0.4356,0.6201,0.4556,0.1285
dermamnist,456,turboquant_2bit_policy8,test,2.136,0.4356,0.6259,0.5091,0.1264
dermamnist,456,uniform_3bit_naive,val,3.105,0.6185,0.5912,0.4394,0.1236
dermamnist,456,uniform_3bit_naive,test,3.105,0.6185,0.5686,0.4442,0.1195
dermamnist,456,uniform_3bit_policy,val,3.131,0.6232,0.5842,0.4219,0.1187
dermamnist,456,uniform_3bit_policy,test,3.131,0.6232,0.5696,0.422,0.1124
dermamnist,456,turboquant_3bit_naive,val,3.105,0.6185,0.663,0.5659,0.1166
dermamnist,456,turboquant_3bit_naive,test,3.105,0.6185,0.6613,0.5363,0.1177
dermamnist,456,turboquant_3bit_policy1,val,3.131,0.6232,0.662,0.6218,0.1572
dermamnist,456,turboquant_3bit_policy1,test,3.131,0.6232,0.6623,0.6262,0.1626
dermamnist,456,turboquant_3bit_policy8,val,3.131,0.6232,0.655,0.6452,0.1337
dermamnist,456,turboquant_3bit_policy8,test,3.131,0.6232,0.6554,0.631,0.1342
dermamnist,456,uniform_4bit_naive,val,4.105,0.807,0.679,0.7992,0.3334
dermamnist,456,uniform_4bit_naive,test,4.105,0.807,0.6758,0.8215,0.316
dermamnist,456,uniform_4bit_policy,val,4.126,0.8108,0.6889,0.7907,0.3015
dermamnist,456,uniform_4bit_policy,test,4.126,0.8108,0.6773,0.8085,0.3056
dermamnist,456,turboquant_4bit_naive,val,4.105,0.807,0.683,0.7543,0.2813
dermamnist,456,turboquant_4bit_naive,test,4.105,0.807,0.6833,0.7708,0.2793
dermamnist,456,turboquant_4bit_policy1,val,4.126,0.8108,0.5962,0.8139,0.3021
dermamnist,456,turboquant_4bit_policy1,test,4.126,0.8108,0.5721,0.8108,0.277
dermamnist,456,turboquant_4bit_policy8,val,4.126,0.8108,0.6999,0.8361,0.291
dermamnist,456,turboquant_4bit_policy8,test,4.126,0.8108,0.7027,0.8503,0.3216
pathmnist,123,fp32,val,32.0,6.0755,0.9893,0.9998,0.9893
pathmnist,123,fp32,test,32.0,6.0755,0.8946,0.9896,0.8654
pathmnist,123,fp16,val,16.0,3.0542,0.9893,0.9998,0.9893
pathmnist,123,fp16,test,16.0,3.0542,0.8944,0.9896,0.8653
pathmnist,123,int8_minmax,val,8.105,1.5634,0.9892,0.9998,0.9892
pathmnist,123,int8_minmax,test,8.105,1.5634,0.8946,0.9886,0.8648
pathmnist,123,uniform_2bit_naive,val,2.105,0.4304,0.0853,0.4909,0.0447
pathmnist,123,uniform_2bit_naive,test,2.105,0.4304,0.1134,0.4878,0.0571
pathmnist,123,uniform_2bit_policy,val,2.144,0.4376,0.1092,0.505,0.0639
pathmnist,123,uniform_2bit_policy,test,2.144,0.4376,0.163,0.4875,0.0866
pathmnist,123,turboquant_2bit_naive,val,2.105,0.4304,0.2024,0.6327,0.1304
pathmnist,123,turboquant_2bit_naive,test,2.105,0.4304,0.1915,0.6321,0.1157
pathmnist,123,turboquant_2bit_policy1,val,2.144,0.4376,0.1414,0.5226,0.083
pathmnist,123,turboquant_2bit_policy1,test,2.144,0.4376,0.0489,0.4404,0.0256
pathmnist,123,turboquant_2bit_policy8,val,2.144,0.4376,0.1282,0.5607,0.1295
pathmnist,123,turboquant_2bit_policy8,test,2.144,0.4376,0.1538,0.6209,0.1613
pathmnist,123,uniform_3bit_naive,val,3.105,0.6192,0.1407,0.7313,0.0706
pathmnist,123,uniform_3bit_naive,test,3.105,0.6192,0.1366,0.7484,0.0605
pathmnist,123,uniform_3bit_policy,val,3.137,0.6253,0.1369,0.7222,0.0776
pathmnist,123,uniform_3bit_policy,test,3.137,0.6253,0.144,0.7425,0.0837
pathmnist,123,turboquant_3bit_naive,val,3.105,0.6192,0.1275,0.6774,0.0551
pathmnist,123,turboquant_3bit_naive,test,3.105,0.6192,0.1514,0.597,0.1203
pathmnist,123,turboquant_3bit_policy1,val,3.137,0.6253,0.2955,0.7251,0.2263
pathmnist,123,turboquant_3bit_policy1,test,3.137,0.6253,0.26,0.7576,0.2219
pathmnist,123,turboquant_3bit_policy8,val,3.137,0.6253,0.2472,0.6539,0.1815
pathmnist,123,turboquant_3bit_policy8,test,3.137,0.6253,0.2099,0.6651,0.1857
pathmnist,123,uniform_4bit_naive,val,4.105,0.8081,0.623,0.9292,0.6032
pathmnist,123,uniform_4bit_naive,test,4.105,0.8081,0.5458,0.8924,0.53
pathmnist,123,uniform_4bit_policy,val,4.131,0.8129,0.7185,0.9579,0.729
pathmnist,123,uniform_4bit_policy,test,4.131,0.8129,0.6487,0.9361,0.6292
pathmnist,123,turboquant_4bit_naive,val,4.105,0.8081,0.5519,0.9415,0.5343
pathmnist,123,turboquant_4bit_naive,test,4.105,0.8081,0.6485,0.9407,0.6101
pathmnist,123,turboquant_4bit_policy1,val,4.131,0.8129,0.7486,0.9605,0.7596
pathmnist,123,turboquant_4bit_policy1,test,4.131,0.8129,0.6061,0.9155,0.595
pathmnist,123,turboquant_4bit_policy8,val,4.131,0.8129,0.5707,0.8964,0.5813
pathmnist,123,turboquant_4bit_policy8,test,4.131,0.8129,0.44,0.855,0.4269
pathmnist,42,fp32,val,32.0,6.0755,0.9893,0.9998,0.9891
pathmnist,42,fp32,test,32.0,6.0755,0.9006,0.9912,0.8691
pathmnist,42,fp16,val,16.0,3.0542,0.9892,0.9998,0.989
pathmnist,42,fp16,test,16.0,3.0542,0.8997,0.9912,0.8681
pathmnist,42,int8_minmax,val,8.105,1.5634,0.9885,0.9998,0.9884
pathmnist,42,int8_minmax,test,8.105,1.5634,0.8971,0.9911,0.868
pathmnist,42,uniform_2bit_naive,val,2.105,0.4304,0.1369,0.5404,0.0863
pathmnist,42,uniform_2bit_naive,test,2.105,0.4304,0.1897,0.5622,0.0919
pathmnist,42,uniform_2bit_policy,val,2.144,0.4376,0.0791,0.4853,0.0512
pathmnist,42,uniform_2bit_policy,test,2.144,0.4376,0.0901,0.4791,0.0557
pathmnist,42,turboquant_2bit_naive,val,2.105,0.4304,0.134,0.628,0.0682
pathmnist,42,turboquant_2bit_naive,test,2.105,0.4304,0.1423,0.6374,0.0607
pathmnist,42,turboquant_2bit_policy1,val,2.144,0.4376,0.1036,0.4728,0.0233
pathmnist,42,turboquant_2bit_policy1,test,2.144,0.4376,0.1735,0.4366,0.0359
pathmnist,42,turboquant_2bit_policy8,val,2.144,0.4376,0.1025,0.5112,0.0402
pathmnist,42,turboquant_2bit_policy8,test,2.144,0.4376,0.1072,0.501,0.0366
pathmnist,42,uniform_3bit_naive,val,3.105,0.6192,0.2015,0.6256,0.0773
pathmnist,42,uniform_3bit_naive,test,3.105,0.6192,0.1879,0.6555,0.081
pathmnist,42,uniform_3bit_policy,val,3.137,0.6253,0.226,0.6195,0.0931
pathmnist,42,uniform_3bit_policy,test,3.137,0.6253,0.1791,0.6044,0.0844
pathmnist,42,turboquant_3bit_naive,val,3.105,0.6192,0.2759,0.6897,0.2323
pathmnist,42,turboquant_3bit_naive,test,3.105,0.6192,0.1791,0.6627,0.1614
pathmnist,42,turboquant_3bit_policy1,val,3.137,0.6253,0.2907,0.7467,0.185
pathmnist,42,turboquant_3bit_policy1,test,3.137,0.6253,0.2053,0.7111,0.1572
pathmnist,42,turboquant_3bit_policy8,val,3.137,0.6253,0.2942,0.7031,0.2025
pathmnist,42,turboquant_3bit_policy8,test,3.137,0.6253,0.2744,0.7431,0.2081
pathmnist,42,uniform_4bit_naive,val,4.105,0.8081,0.774,0.9715,0.7773
pathmnist,42,uniform_4bit_naive,test,4.105,0.8081,0.6245,0.9195,0.5987
pathmnist,42,uniform_4bit_policy,val,4.131,0.8129,0.7428,0.9614,0.738
pathmnist,42,uniform_4bit_policy,test,4.131,0.8129,0.7061,0.9395,0.6278
pathmnist,42,turboquant_4bit_naive,val,4.105,0.8081,0.553,0.8933,0.5407
pathmnist,42,turboquant_4bit_naive,test,4.105,0.8081,0.6277,0.8922,0.577
pathmnist,42,turboquant_4bit_policy1,val,4.131,0.8129,0.8241,0.9858,0.8221
pathmnist,42,turboquant_4bit_policy1,test,4.131,0.8129,0.6795,0.9576,0.6814
pathmnist,42,turboquant_4bit_policy8,val,4.131,0.8129,0.8013,0.9816,0.8055
pathmnist,42,turboquant_4bit_policy8,test,4.131,0.8129,0.7113,0.9579,0.6981
pathmnist,456,fp32,val,32.0,6.0755,0.9883,0.9998,0.9884
pathmnist,456,fp32,test,32.0,6.0755,0.8999,0.9911,0.8714
pathmnist,456,fp16,val,16.0,3.0542,0.9884,0.9998,0.9885
pathmnist,456,fp16,test,16.0,3.0542,0.8994,0.9911,0.8711
pathmnist,456,int8_minmax,val,8.105,1.5634,0.9887,0.9998,0.9888
pathmnist,456,int8_minmax,test,8.105,1.5634,0.8942,0.9903,0.8627
pathmnist,456,uniform_2bit_naive,val,2.105,0.4304,0.1193,0.4867,0.0786
pathmnist,456,uniform_2bit_naive,test,2.105,0.4304,0.1318,0.4955,0.078
pathmnist,456,uniform_2bit_policy,val,2.144,0.4376,0.11,0.4573,0.0531
pathmnist,456,uniform_2bit_policy,test,2.144,0.4376,0.1221,0.4593,0.0598
pathmnist,456,turboquant_2bit_naive,val,2.105,0.4304,0.1175,0.6061,0.0391
pathmnist,456,turboquant_2bit_naive,test,2.105,0.4304,0.1203,0.6773,0.0306
pathmnist,456,turboquant_2bit_policy1,val,2.144,0.4376,0.1368,0.5673,0.0806
pathmnist,456,turboquant_2bit_policy1,test,2.144,0.4376,0.16,0.5906,0.068
pathmnist,456,turboquant_2bit_policy8,val,2.144,0.4376,0.1049,0.5042,0.0529
pathmnist,456,turboquant_2bit_policy8,test,2.144,0.4376,0.0893,0.4526,0.0663
pathmnist,456,uniform_3bit_naive,val,3.105,0.6192,0.1292,0.6025,0.0899
pathmnist,456,uniform_3bit_naive,test,3.105,0.6192,0.117,0.5859,0.0697
pathmnist,456,uniform_3bit_policy,val,3.137,0.6253,0.1528,0.6032,0.1244
pathmnist,456,uniform_3bit_policy,test,3.137,0.6253,0.1251,0.5923,0.0904
pathmnist,456,turboquant_3bit_naive,val,3.105,0.6192,0.3838,0.7648,0.3367
pathmnist,456,turboquant_3bit_naive,test,3.105,0.6192,0.3252,0.7651,0.263
pathmnist,456,turboquant_3bit_policy1,val,3.137,0.6253,0.2775,0.685,0.2034
pathmnist,456,turboquant_3bit_policy1,test,3.137,0.6253,0.2043,0.6991,0.1685
pathmnist,456,turboquant_3bit_policy8,val,3.137,0.6253,0.2543,0.6923,0.1681
pathmnist,456,turboquant_3bit_policy8,test,3.137,0.6253,0.2063,0.676,0.1566
pathmnist,456,uniform_4bit_naive,val,4.105,0.8081,0.2454,0.7238,0.2701
pathmnist,456,uniform_4bit_naive,test,4.105,0.8081,0.3025,0.7488,0.2727
pathmnist,456,uniform_4bit_policy,val,4.131,0.8129,0.2695,0.7615,0.2767
pathmnist,456,uniform_4bit_policy,test,4.131,0.8129,0.3504,0.7884,0.3146
pathmnist,456,turboquant_4bit_naive,val,4.105,0.8081,0.5511,0.9088,0.5285
pathmnist,456,turboquant_4bit_naive,test,4.105,0.8081,0.4276,0.8519,0.4427
pathmnist,456,turboquant_4bit_policy1,val,4.131,0.8129,0.4398,0.8823,0.3937
pathmnist,456,turboquant_4bit_policy1,test,4.131,0.8129,0.5344,0.8822,0.4825
pathmnist,456,turboquant_4bit_policy8,val,4.131,0.8129,0.4415,0.8699,0.3969
pathmnist,456,turboquant_4bit_policy8,test,4.131,0.8129,0.5567,0.8947,0.4838
pneumoniamnist,123,fp32,val,32.0,6.0453,0.9485,0.9923,0.9315
pneumoniamnist,123,fp32,test,32.0,6.0453,0.8798,0.961,0.8611
pneumoniamnist,123,fp16,val,16.0,3.0392,0.9485,0.9923,0.9315
pneumoniamnist,123,fp16,test,16.0,3.0392,0.8798,0.9611,0.8611
pneumoniamnist,123,int8_minmax,val,8.106,1.556,0.9523,0.9909,0.9362
pneumoniamnist,123,int8_minmax,test,8.106,1.556,0.8638,0.9586,0.8408
pneumoniamnist,123,uniform_2bit_naive,val,2.106,0.4287,0.7424,0.5,0.4261
pneumoniamnist,123,uniform_2bit_naive,test,2.106,0.4287,0.625,0.5,0.3846
pneumoniamnist,123,uniform_2bit_policy,val,2.115,0.4305,0.7424,0.5,0.4261
pneumoniamnist,123,uniform_2bit_policy,test,2.115,0.4305,0.625,0.5,0.3846
pneumoniamnist,123,turboquant_2bit_naive,val,2.106,0.4287,0.7424,0.6068,0.4261
pneumoniamnist,123,turboquant_2bit_naive,test,2.106,0.4287,0.625,0.5908,0.3846
pneumoniamnist,123,turboquant_2bit_policy1,val,2.115,0.4305,0.7443,0.5796,0.4476
pneumoniamnist,123,turboquant_2bit_policy1,test,2.115,0.4305,0.6314,0.5627,0.4029
pneumoniamnist,123,turboquant_2bit_policy8,val,2.115,0.4305,0.7424,0.5692,0.4261
pneumoniamnist,123,turboquant_2bit_policy8,test,2.115,0.4305,0.625,0.4463,0.3846
pneumoniamnist,123,uniform_3bit_naive,val,3.106,0.6166,0.7519,0.6831,0.4641
pneumoniamnist,123,uniform_3bit_naive,test,3.106,0.6166,0.6282,0.637,0.3939
pneumoniamnist,123,uniform_3bit_policy,val,3.113,0.6181,0.7424,0.5862,0.4261
pneumoniamnist,123,uniform_3bit_policy,test,3.113,0.6181,0.625,0.6324,0.3846
pneumoniamnist,123,turboquant_3bit_naive,val,3.106,0.6166,0.6546,0.73,0.6251
pneumoniamnist,123,turboquant_3bit_naive,test,3.106,0.6166,0.5705,0.5655,0.5504
pneumoniamnist,123,turboquant_3bit_policy1,val,3.113,0.6181,0.7481,0.5004,0.4559
pneumoniamnist,123,turboquant_3bit_policy1,test,3.113,0.6181,0.6506,0.4648,0.4548
pneumoniamnist,123,turboquant_3bit_policy8,val,3.113,0.6181,0.7424,0.6186,0.4261
pneumoniamnist,123,turboquant_3bit_policy8,test,3.113,0.6181,0.625,0.5324,0.3846
pneumoniamnist,123,uniform_4bit_naive,val,4.106,0.8045,0.7786,0.8374,0.5632
pneumoniamnist,123,uniform_4bit_naive,test,4.106,0.8045,0.6571,0.7944,0.4711
pneumoniamnist,123,uniform_4bit_policy,val,4.112,0.8056,0.7786,0.9053,0.5632
pneumoniamnist,123,uniform_4bit_policy,test,4.112,0.8056,0.6554,0.873,0.4671
pneumoniamnist,123,turboquant_4bit_naive,val,4.106,0.8045,0.7786,0.875,0.5585
pneumoniamnist,123,turboquant_4bit_naive,test,4.106,0.8045,0.6522,0.7376,0.4589
pneumoniamnist,123,turboquant_4bit_policy1,val,4.112,0.8056,0.8874,0.9555,0.8297
pneumoniamnist,123,turboquant_4bit_policy1,test,4.112,0.8056,0.7708,0.9116,0.7049
pneumoniamnist,123,turboquant_4bit_policy8,val,4.112,0.8056,0.9332,0.9713,0.9083
pneumoniamnist,123,turboquant_4bit_policy8,test,4.112,0.8056,0.8205,0.9338,0.7821
pneumoniamnist,42,fp32,val,32.0,6.0453,0.9389,0.9893,0.915
pneumoniamnist,42,fp32,test,32.0,6.0453,0.8221,0.9483,0.783
pneumoniamnist,42,fp16,val,16.0,3.0392,0.9389,0.9893,0.915
pneumoniamnist,42,fp16,test,16.0,3.0392,0.8253,0.9483,0.7876
pneumoniamnist,42,int8_minmax,val,8.106,1.556,0.9447,0.9878,0.9249
pneumoniamnist,42,int8_minmax,test,8.106,1.556,0.8365,0.9539,0.8041
pneumoniamnist,42,uniform_2bit_naive,val,2.106,0.4287,0.7424,0.5,0.4261
pneumoniamnist,42,uniform_2bit_naive,test,2.106,0.4287,0.625,0.5,0.3846
pneumoniamnist,42,uniform_2bit_policy,val,2.115,0.4305,0.7424,0.5,0.4261
pneumoniamnist,42,uniform_2bit_policy,test,2.115,0.4305,0.625,0.5,0.3846
pneumoniamnist,42,turboquant_2bit_naive,val,2.106,0.4287,0.7424,0.5158,0.4261
pneumoniamnist,42,turboquant_2bit_naive,test,2.106,0.4287,0.625,0.5531,0.3846
pneumoniamnist,42,turboquant_2bit_policy1,val,2.115,0.4305,0.7424,0.5811,0.4261
pneumoniamnist,42,turboquant_2bit_policy1,test,2.115,0.4305,0.625,0.6366,0.3846
pneumoniamnist,42,turboquant_2bit_policy8,val,2.115,0.4305,0.7424,0.5,0.4261
pneumoniamnist,42,turboquant_2bit_policy8,test,2.115,0.4305,0.625,0.5021,0.3846
pneumoniamnist,42,uniform_3bit_naive,val,3.106,0.6166,0.7443,0.7765,0.4339
pneumoniamnist,42,uniform_3bit_naive,test,3.106,0.6166,0.625,0.7204,0.3846
pneumoniamnist,42,uniform_3bit_policy,val,3.113,0.6181,0.7424,0.6728,0.4261
pneumoniamnist,42,uniform_3bit_policy,test,3.113,0.6181,0.625,0.6293,0.3846
pneumoniamnist,42,turboquant_3bit_naive,val,3.106,0.6166,0.7481,0.803,0.4492
pneumoniamnist,42,turboquant_3bit_naive,test,3.106,0.6166,0.6346,0.8071,0.4119
pneumoniamnist,42,turboquant_3bit_policy1,val,3.113,0.6181,0.7099,0.2585,0.4215
pneumoniamnist,42,turboquant_3bit_policy1,test,3.113,0.6181,0.5946,0.2547,0.3765
pneumoniamnist,42,turboquant_3bit_policy8,val,3.113,0.6181,0.7424,0.4128,0.4261
pneumoniamnist,42,turboquant_3bit_policy8,test,3.113,0.6181,0.625,0.4049,0.3846
pneumoniamnist,42,uniform_4bit_naive,val,4.106,0.8045,0.7424,0.7208,0.4469
pneumoniamnist,42,uniform_4bit_naive,test,4.106,0.8045,0.6282,0.6196,0.3978
pneumoniamnist,42,uniform_4bit_policy,val,4.112,0.8056,0.771,0.8647,0.5332
pneumoniamnist,42,uniform_4bit_policy,test,4.112,0.8056,0.6378,0.7699,0.4207
pneumoniamnist,42,turboquant_4bit_naive,val,4.106,0.8045,0.771,0.7484,0.5481
pneumoniamnist,42,turboquant_4bit_naive,test,4.106,0.8045,0.6715,0.7112,0.5089
pneumoniamnist,42,turboquant_4bit_policy1,val,4.112,0.8056,0.8321,0.8949,0.7124
pneumoniamnist,42,turboquant_4bit_policy1,test,4.112,0.8056,0.7308,0.8219,0.6347
pneumoniamnist,42,turboquant_4bit_policy8,val,4.112,0.8056,0.9008,0.9554,0.8642
pneumoniamnist,42,turboquant_4bit_policy8,test,4.112,0.8056,0.7965,0.8852,0.7517
pneumoniamnist,456,fp32,val,32.0,6.0453,0.9466,0.9906,0.9272
pneumoniamnist,456,fp32,test,32.0,6.0453,0.8381,0.9633,0.8063
pneumoniamnist,456,fp16,val,16.0,3.0392,0.9485,0.9907,0.93
pneumoniamnist,456,fp16,test,16.0,3.0392,0.8381,0.9633,0.8063
pneumoniamnist,456,int8_minmax,val,8.106,1.556,0.9466,0.9887,0.9269
pneumoniamnist,456,int8_minmax,test,8.106,1.556,0.8333,0.9646,0.8002
pneumoniamnist,456,uniform_2bit_naive,val,2.106,0.4287,0.7424,0.5,0.4261
pneumoniamnist,456,uniform_2bit_naive,test,2.106,0.4287,0.625,0.5,0.3846
pneumoniamnist,456,uniform_2bit_policy,val,2.115,0.4305,0.7424,0.5,0.4261
pneumoniamnist,456,uniform_2bit_policy,test,2.115,0.4305,0.625,0.5,0.3846
pneumoniamnist,456,turboquant_2bit_naive,val,2.106,0.4287,0.7385,0.5609,0.4248
pneumoniamnist,456,turboquant_2bit_naive,test,2.106,0.4287,0.625,0.5739,0.3846
pneumoniamnist,456,turboquant_2bit_policy1,val,2.115,0.4305,0.7424,0.4934,0.4261
pneumoniamnist,456,turboquant_2bit_policy1,test,2.115,0.4305,0.625,0.5,0.3846
pneumoniamnist,456,turboquant_2bit_policy8,val,2.115,0.4305,0.7424,0.5048,0.4261
pneumoniamnist,456,turboquant_2bit_policy8,test,2.115,0.4305,0.625,0.5072,0.3846
pneumoniamnist,456,uniform_3bit_naive,val,3.106,0.6166,0.7424,0.3729,0.4261
pneumoniamnist,456,uniform_3bit_naive,test,3.106,0.6166,0.625,0.3128,0.3846
pneumoniamnist,456,uniform_3bit_policy,val,3.113,0.6181,0.7424,0.7608,0.4261
pneumoniamnist,456,uniform_3bit_policy,test,3.113,0.6181,0.625,0.7081,0.3846
pneumoniamnist,456,turboquant_3bit_naive,val,3.106,0.6166,0.7424,0.2684,0.4261
pneumoniamnist,456,turboquant_3bit_naive,test,3.106,0.6166,0.6266,0.2896,0.3893
pneumoniamnist,456,turboquant_3bit_policy1,val,3.113,0.6181,0.7424,0.2735,0.4261
pneumoniamnist,456,turboquant_3bit_policy1,test,3.113,0.6181,0.625,0.2628,0.3846
pneumoniamnist,456,turboquant_3bit_policy8,val,3.113,0.6181,0.7424,0.6377,0.4261
pneumoniamnist,456,turboquant_3bit_policy8,test,3.113,0.6181,0.625,0.6329,0.3846
pneumoniamnist,456,uniform_4bit_naive,val,4.106,0.8045,0.7634,0.7792,0.5176
pneumoniamnist,456,uniform_4bit_naive,test,4.106,0.8045,0.6587,0.8229,0.4811
pneumoniamnist,456,uniform_4bit_policy,val,4.112,0.8056,0.8454,0.8992,0.7507
pneumoniamnist,456,uniform_4bit_policy,test,4.112,0.8056,0.6987,0.9052,0.5736
pneumoniamnist,456,turboquant_4bit_naive,val,4.106,0.8045,0.7824,0.9292,0.5796
pneumoniamnist,456,turboquant_4bit_naive,test,4.106,0.8045,0.6474,0.8962,0.4563
pneumoniamnist,456,turboquant_4bit_policy1,val,4.112,0.8056,0.8683,0.9451,0.7938
pneumoniamnist,456,turboquant_4bit_policy1,test,4.112,0.8056,0.7276,0.9141,0.627
pneumoniamnist,456,turboquant_4bit_policy8,val,4.112,0.8056,0.9179,0.9505,0.8892
pneumoniamnist,456,turboquant_4bit_policy8,test,4.112,0.8056,0.8622,0.9499,0.8405
