dataset,model_seed,rotation_seed,method,bits,bpw,size_mb,checkpoint_sha256,acc,auc,f1_macro
bloodmnist,123,-,fp32,32,32.0,6.0714,a2eb1735919b91cca90a8b2da61d6f16842bce86af0e7223f596602dbcf2ecf2,0.969307,0.998527,0.96861
bloodmnist,123,-,fp16,16,16.0,3.0521,a2eb1735919b91cca90a8b2da61d6f16842bce86af0e7223f596602dbcf2ecf2,0.969307,0.998529,0.96861
bloodmnist,123,-,int8_minmax,8,8.1053,1.5624,a2eb1735919b91cca90a8b2da61d6f16842bce86af0e7223f596602dbcf2ecf2,0.968723,0.998418,0.967701
bloodmnist,123,0,uniform_full,2,2.1396,0.4366,a2eb1735919b91cca90a8b2da61d6f16842bce86af0e7223f596602dbcf2ecf2,0.16808,0.50119,0.102854
bloodmnist,123,0,rotated_normal_codebook,2,2.1396,0.4366,a2eb1735919b91cca90a8b2da61d6f16842bce86af0e7223f596602dbcf2ecf2,0.071324,0.428877,0.016644
bloodmnist,123,0,uniform_full,3,3.1339,0.6242,a2eb1735919b91cca90a8b2da61d6f16842bce86af0e7223f596602dbcf2ecf2,0.191757,0.52557,0.115039
bloodmnist,123,0,rotated_normal_codebook,3,3.1339,0.6242,a2eb1735919b91cca90a8b2da61d6f16842bce86af0e7223f596602dbcf2ecf2,0.071324,0.571736,0.017681
bloodmnist,123,0,uniform_full,4,4.1282,0.8119,a2eb1735919b91cca90a8b2da61d6f16842bce86af0e7223f596602dbcf2ecf2,0.334113,0.751757,0.291078
bloodmnist,123,0,rotated_uniform,4,4.1282,0.8119,a2eb1735919b91cca90a8b2da61d6f16842bce86af0e7223f596602dbcf2ecf2,0.512131,0.851611,0.403204
bloodmnist,123,0,normal_codebook,4,4.1282,0.8119,a2eb1735919b91cca90a8b2da61d6f16842bce86af0e7223f596602dbcf2ecf2,0.136217,0.547068,0.030003
bloodmnist,123,0,rotated_normal_codebook,4,4.1282,0.8119,a2eb1735919b91cca90a8b2da61d6f16842bce86af0e7223f596602dbcf2ecf2,0.246127,0.776085,0.097053
bloodmnist,42,-,fp32,32,32.0,6.0714,04c75852b757e0d5f18de7b0122abca3f7c5430f886a5f45c3268849a8810a9f,0.969307,0.998245,0.967879
bloodmnist,42,-,fp16,16,16.0,3.0521,04c75852b757e0d5f18de7b0122abca3f7c5430f886a5f45c3268849a8810a9f,0.9696,0.998244,0.968328
bloodmnist,42,-,int8_minmax,8,8.1053,1.5624,04c75852b757e0d5f18de7b0122abca3f7c5430f886a5f45c3268849a8810a9f,0.96843,0.99822,0.967024
bloodmnist,42,0,uniform_full,2,2.1396,0.4366,04c75852b757e0d5f18de7b0122abca3f7c5430f886a5f45c3268849a8810a9f,0.18328,0.506315,0.107398
bloodmnist,42,0,rotated_normal_codebook,2,2.1396,0.4366,04c75852b757e0d5f18de7b0122abca3f7c5430f886a5f45c3268849a8810a9f,0.137387,0.547971,0.030198
bloodmnist,42,0,uniform_full,3,3.1339,0.6242,04c75852b757e0d5f18de7b0122abca3f7c5430f886a5f45c3268849a8810a9f,0.158141,0.527225,0.113135
bloodmnist,42,0,rotated_normal_codebook,3,3.1339,0.6242,04c75852b757e0d5f18de7b0122abca3f7c5430f886a5f45c3268849a8810a9f,0.137387,0.595341,0.030198
bloodmnist,42,0,uniform_full,4,4.1282,0.8119,04c75852b757e0d5f18de7b0122abca3f7c5430f886a5f45c3268849a8810a9f,0.4677,0.788019,0.40178
bloodmnist,42,0,rotated_uniform,4,4.1282,0.8119,04c75852b757e0d5f18de7b0122abca3f7c5430f886a5f45c3268849a8810a9f,0.64221,0.87708,0.485171
bloodmnist,42,0,normal_codebook,4,4.1282,0.8119,04c75852b757e0d5f18de7b0122abca3f7c5430f886a5f45c3268849a8810a9f,0.137387,0.609635,0.030206
bloodmnist,42,0,rotated_normal_codebook,4,4.1282,0.8119,04c75852b757e0d5f18de7b0122abca3f7c5430f886a5f45c3268849a8810a9f,0.156095,0.783198,0.059531
bloodmnist,456,-,fp32,32,32.0,6.0714,7435ce812d24c68ef5364791eac1faad9c8c2faf3224268bcffe19f9004ce59a,0.973692,0.99869,0.973386
bloodmnist,456,-,fp16,16,16.0,3.0521,7435ce812d24c68ef5364791eac1faad9c8c2faf3224268bcffe19f9004ce59a,0.973692,0.998693,0.973261
bloodmnist,456,-,int8_minmax,8,8.1053,1.5624,7435ce812d24c68ef5364791eac1faad9c8c2faf3224268bcffe19f9004ce59a,0.97223,0.998571,0.971362
bloodmnist,456,0,uniform_full,2,2.1396,0.4366,7435ce812d24c68ef5364791eac1faad9c8c2faf3224268bcffe19f9004ce59a,0.156387,0.492516,0.061866
bloodmnist,456,0,rotated_normal_codebook,2,2.1396,0.4366,7435ce812d24c68ef5364791eac1faad9c8c2faf3224268bcffe19f9004ce59a,0.169249,0.397022,0.036187
bloodmnist,456,0,uniform_full,3,3.1339,0.6242,7435ce812d24c68ef5364791eac1faad9c8c2faf3224268bcffe19f9004ce59a,0.158433,0.513866,0.093419
bloodmnist,456,0,rotated_normal_codebook,3,3.1339,0.6242,7435ce812d24c68ef5364791eac1faad9c8c2faf3224268bcffe19f9004ce59a,0.137679,0.628515,0.031226
bloodmnist,456,0,uniform_full,4,4.1282,0.8119,7435ce812d24c68ef5364791eac1faad9c8c2faf3224268bcffe19f9004ce59a,0.322713,0.772893,0.241564
bloodmnist,456,0,rotated_uniform,4,4.1282,0.8119,7435ce812d24c68ef5364791eac1faad9c8c2faf3224268bcffe19f9004ce59a,0.334113,0.706457,0.238291
bloodmnist,456,0,normal_codebook,4,4.1282,0.8119,7435ce812d24c68ef5364791eac1faad9c8c2faf3224268bcffe19f9004ce59a,0.146448,0.73741,0.050409
bloodmnist,456,0,rotated_normal_codebook,4,4.1282,0.8119,7435ce812d24c68ef5364791eac1faad9c8c2faf3224268bcffe19f9004ce59a,0.169833,0.82908,0.108652
dermamnist,123,-,fp32,32,32.0,6.0673,8ccc066e2b7d03e9bcd676c1f0f15fef58f758c2f5d906e30c290bbe7d786d30,0.784539,0.920307,0.560113
dermamnist,123,-,fp16,16,16.0,3.0501,8ccc066e2b7d03e9bcd676c1f0f15fef58f758c2f5d906e30c290bbe7d786d30,0.784539,0.920268,0.560411
dermamnist,123,-,int8_minmax,8,8.1054,1.5613,8ccc066e2b7d03e9bcd676c1f0f15fef58f758c2f5d906e30c290bbe7d786d30,0.781047,0.920713,0.556404
dermamnist,123,0,uniform_full,2,2.1356,0.4356,8ccc066e2b7d03e9bcd676c1f0f15fef58f758c2f5d906e30c290bbe7d786d30,0.66384,0.499202,0.114063
dermamnist,123,0,rotated_normal_codebook,2,2.1356,0.4356,8ccc066e2b7d03e9bcd676c1f0f15fef58f758c2f5d906e30c290bbe7d786d30,0.548628,0.466442,0.118365
dermamnist,123,0,uniform_full,3,3.1306,0.6232,8ccc066e2b7d03e9bcd676c1f0f15fef58f758c2f5d906e30c290bbe7d786d30,0.65985,0.651948,0.119702
dermamnist,123,0,rotated_normal_codebook,3,3.1306,0.6232,8ccc066e2b7d03e9bcd676c1f0f15fef58f758c2f5d906e30c290bbe7d786d30,0.110224,0.511159,0.03209
dermamnist,123,0,uniform_full,4,4.1255,0.8108,8ccc066e2b7d03e9bcd676c1f0f15fef58f758c2f5d906e30c290bbe7d786d30,0.645885,0.589516,0.158579
dermamnist,123,0,rotated_uniform,4,4.1255,0.8108,8ccc066e2b7d03e9bcd676c1f0f15fef58f758c2f5d906e30c290bbe7d786d30,0.557606,0.668743,0.196724
dermamnist,123,0,normal_codebook,4,4.1255,0.8108,8ccc066e2b7d03e9bcd676c1f0f15fef58f758c2f5d906e30c290bbe7d786d30,0.430424,0.469105,0.109336
dermamnist,123,0,rotated_normal_codebook,4,4.1255,0.8108,8ccc066e2b7d03e9bcd676c1f0f15fef58f758c2f5d906e30c290bbe7d786d30,0.21995,0.514567,0.079696
dermamnist,42,-,fp32,32,32.0,6.0673,0d55344a5e62263561a9236c29a675a1c8fed8020ed4a91efc6266a241fbaa2e,0.745137,0.911706,0.510453
dermamnist,42,-,fp16,16,16.0,3.0501,0d55344a5e62263561a9236c29a675a1c8fed8020ed4a91efc6266a241fbaa2e,0.74414,0.91177,0.507942
dermamnist,42,-,int8_minmax,8,8.1054,1.5613,0d55344a5e62263561a9236c29a675a1c8fed8020ed4a91efc6266a241fbaa2e,0.747631,0.910001,0.505284
dermamnist,42,0,uniform_full,2,2.1356,0.4356,0d55344a5e62263561a9236c29a675a1c8fed8020ed4a91efc6266a241fbaa2e,0.666833,0.499627,0.114303
dermamnist,42,0,rotated_normal_codebook,2,2.1356,0.4356,0d55344a5e62263561a9236c29a675a1c8fed8020ed4a91efc6266a241fbaa2e,0.115212,0.425108,0.031625
dermamnist,42,0,uniform_full,3,3.1306,0.6232,0d55344a5e62263561a9236c29a675a1c8fed8020ed4a91efc6266a241fbaa2e,0.591521,0.444672,0.132894
dermamnist,42,0,rotated_normal_codebook,3,3.1306,0.6232,0d55344a5e62263561a9236c29a675a1c8fed8020ed4a91efc6266a241fbaa2e,0.05187,0.53109,0.014199
dermamnist,42,0,uniform_full,4,4.1255,0.8108,0d55344a5e62263561a9236c29a675a1c8fed8020ed4a91efc6266a241fbaa2e,0.620948,0.638364,0.164074
dermamnist,42,0,rotated_uniform,4,4.1255,0.8108,0d55344a5e62263561a9236c29a675a1c8fed8020ed4a91efc6266a241fbaa2e,0.628429,0.635393,0.160414
dermamnist,42,0,normal_codebook,4,4.1255,0.8108,0d55344a5e62263561a9236c29a675a1c8fed8020ed4a91efc6266a241fbaa2e,0.246883,0.568421,0.075691
dermamnist,42,0,rotated_normal_codebook,4,4.1255,0.8108,0d55344a5e62263561a9236c29a675a1c8fed8020ed4a91efc6266a241fbaa2e,0.669327,0.632348,0.1199
dermamnist,456,-,fp32,32,32.0,6.0673,64ae2c3a7474c7ac6d58e549752f09b71ea0fe57fc1515fdd872fc34470f897e,0.765586,0.918855,0.544529
dermamnist,456,-,fp16,16,16.0,3.0501,64ae2c3a7474c7ac6d58e549752f09b71ea0fe57fc1515fdd872fc34470f897e,0.76409,0.918927,0.543873
dermamnist,456,-,int8_minmax,8,8.1054,1.5613,64ae2c3a7474c7ac6d58e549752f09b71ea0fe57fc1515fdd872fc34470f897e,0.757107,0.919087,0.537144
dermamnist,456,0,uniform_full,2,2.1356,0.4356,64ae2c3a7474c7ac6d58e549752f09b71ea0fe57fc1515fdd872fc34470f897e,0.66783,0.499813,0.114405
dermamnist,456,0,rotated_normal_codebook,2,2.1356,0.4356,64ae2c3a7474c7ac6d58e549752f09b71ea0fe57fc1515fdd872fc34470f897e,0.109726,0.512411,0.02825
dermamnist,456,0,uniform_full,3,3.1306,0.6232,64ae2c3a7474c7ac6d58e549752f09b71ea0fe57fc1515fdd872fc34470f897e,0.661845,0.500817,0.117604
dermamnist,456,0,rotated_normal_codebook,3,3.1306,0.6232,64ae2c3a7474c7ac6d58e549752f09b71ea0fe57fc1515fdd872fc34470f897e,0.662843,0.475042,0.113892
dermamnist,456,0,uniform_full,4,4.1255,0.8108,64ae2c3a7474c7ac6d58e549752f09b71ea0fe57fc1515fdd872fc34470f897e,0.616958,0.614139,0.145887
dermamnist,456,0,rotated_uniform,4,4.1255,0.8108,64ae2c3a7474c7ac6d58e549752f09b71ea0fe57fc1515fdd872fc34470f897e,0.535162,0.714618,0.251656
dermamnist,456,0,normal_codebook,4,4.1255,0.8108,64ae2c3a7474c7ac6d58e549752f09b71ea0fe57fc1515fdd872fc34470f897e,0.645885,0.600431,0.120213
dermamnist,456,0,rotated_normal_codebook,4,4.1255,0.8108,64ae2c3a7474c7ac6d58e549752f09b71ea0fe57fc1515fdd872fc34470f897e,0.668828,0.639109,0.114508
pathmnist,123,-,fp32,32,32.0,6.0755,34da9da67fa45795b9b8929c57694772282eb2e017dd76f16b290d0b01b16f3b,0.894568,0.989606,0.865428
pathmnist,123,-,fp16,16,16.0,3.0542,34da9da67fa45795b9b8929c57694772282eb2e017dd76f16b290d0b01b16f3b,0.894429,0.989577,0.865284
pathmnist,123,-,int8_minmax,8,8.1052,1.5634,34da9da67fa45795b9b8929c57694772282eb2e017dd76f16b290d0b01b16f3b,0.894568,0.988555,0.864819
pathmnist,123,0,uniform_full,2,2.1436,0.4376,34da9da67fa45795b9b8929c57694772282eb2e017dd76f16b290d0b01b16f3b,0.076741,0.481645,0.066313
pathmnist,123,0,rotated_normal_codebook,2,2.1436,0.4376,34da9da67fa45795b9b8929c57694772282eb2e017dd76f16b290d0b01b16f3b,0.14415,0.416788,0.028315
pathmnist,123,0,uniform_full,3,3.1372,0.6253,34da9da67fa45795b9b8929c57694772282eb2e017dd76f16b290d0b01b16f3b,0.097075,0.493309,0.05632
pathmnist,123,0,rotated_normal_codebook,3,3.1372,0.6253,34da9da67fa45795b9b8929c57694772282eb2e017dd76f16b290d0b01b16f3b,0.047214,0.574614,0.010019
pathmnist,123,0,uniform_full,4,4.1308,0.8129,34da9da67fa45795b9b8929c57694772282eb2e017dd76f16b290d0b01b16f3b,0.435376,0.813989,0.388422
pathmnist,123,0,rotated_uniform,4,4.1308,0.8129,34da9da67fa45795b9b8929c57694772282eb2e017dd76f16b290d0b01b16f3b,0.662256,0.922773,0.586379
pathmnist,123,0,normal_codebook,4,4.1308,0.8129,34da9da67fa45795b9b8929c57694772282eb2e017dd76f16b290d0b01b16f3b,0.048468,0.678519,0.011933
pathmnist,123,0,rotated_normal_codebook,4,4.1308,0.8129,34da9da67fa45795b9b8929c57694772282eb2e017dd76f16b290d0b01b16f3b,0.05195,0.680457,0.020846
pathmnist,42,-,fp32,32,32.0,6.0755,f293f979bed796195b85b18c22479a0de8fc2e98dba2cd1dad5b97f4258645a0,0.900557,0.991202,0.86909
pathmnist,42,-,fp16,16,16.0,3.0542,f293f979bed796195b85b18c22479a0de8fc2e98dba2cd1dad5b97f4258645a0,0.899721,0.991154,0.868083
pathmnist,42,-,int8_minmax,8,8.1052,1.5634,f293f979bed796195b85b18c22479a0de8fc2e98dba2cd1dad5b97f4258645a0,0.897075,0.991096,0.867988
pathmnist,42,0,uniform_full,2,2.1436,0.4376,f293f979bed796195b85b18c22479a0de8fc2e98dba2cd1dad5b97f4258645a0,0.124095,0.503074,0.100522
pathmnist,42,0,rotated_normal_codebook,2,2.1436,0.4376,f293f979bed796195b85b18c22479a0de8fc2e98dba2cd1dad5b97f4258645a0,0.039694,0.347614,0.026555
pathmnist,42,0,uniform_full,3,3.1372,0.6253,f293f979bed796195b85b18c22479a0de8fc2e98dba2cd1dad5b97f4258645a0,0.075487,0.476942,0.0461
pathmnist,42,0,rotated_normal_codebook,3,3.1372,0.6253,f293f979bed796195b85b18c22479a0de8fc2e98dba2cd1dad5b97f4258645a0,0.117967,0.67071,0.02356
pathmnist,42,0,uniform_full,4,4.1308,0.8129,f293f979bed796195b85b18c22479a0de8fc2e98dba2cd1dad5b97f4258645a0,0.624791,0.92262,0.541616
pathmnist,42,0,rotated_uniform,4,4.1308,0.8129,f293f979bed796195b85b18c22479a0de8fc2e98dba2cd1dad5b97f4258645a0,0.568384,0.918402,0.513642
pathmnist,42,0,normal_codebook,4,4.1308,0.8129,f293f979bed796195b85b18c22479a0de8fc2e98dba2cd1dad5b97f4258645a0,0.159471,0.778471,0.079416
pathmnist,42,0,rotated_normal_codebook,4,4.1308,0.8129,f293f979bed796195b85b18c22479a0de8fc2e98dba2cd1dad5b97f4258645a0,0.193454,0.806632,0.11347
pathmnist,456,-,fp32,32,32.0,6.0755,6c67264d552647758bb2ed518a33782bf190700d31dfdfabbdb7fa6a1a901438,0.899861,0.991085,0.871389
pathmnist,456,-,fp16,16,16.0,3.0542,6c67264d552647758bb2ed518a33782bf190700d31dfdfabbdb7fa6a1a901438,0.899443,0.991068,0.871079
pathmnist,456,-,int8_minmax,8,8.1052,1.5634,6c67264d552647758bb2ed518a33782bf190700d31dfdfabbdb7fa6a1a901438,0.89415,0.990354,0.86267
pathmnist,456,0,uniform_full,2,2.1436,0.4376,6c67264d552647758bb2ed518a33782bf190700d31dfdfabbdb7fa6a1a901438,0.11337,0.497867,0.068808
pathmnist,456,0,rotated_normal_codebook,2,2.1436,0.4376,6c67264d552647758bb2ed518a33782bf190700d31dfdfabbdb7fa6a1a901438,0.047214,0.433636,0.010019
pathmnist,456,0,uniform_full,3,3.1372,0.6253,6c67264d552647758bb2ed518a33782bf190700d31dfdfabbdb7fa6a1a901438,0.130084,0.509309,0.077901
pathmnist,456,0,rotated_normal_codebook,3,3.1372,0.6253,6c67264d552647758bb2ed518a33782bf190700d31dfdfabbdb7fa6a1a901438,0.133705,0.660915,0.050599
pathmnist,456,0,uniform_full,4,4.1308,0.8129,6c67264d552647758bb2ed518a33782bf190700d31dfdfabbdb7fa6a1a901438,0.339415,0.726829,0.317069
pathmnist,456,0,rotated_uniform,4,4.1308,0.8129,6c67264d552647758bb2ed518a33782bf190700d31dfdfabbdb7fa6a1a901438,0.365042,0.829462,0.297663
pathmnist,456,0,normal_codebook,4,4.1308,0.8129,6c67264d552647758bb2ed518a33782bf190700d31dfdfabbdb7fa6a1a901438,0.147214,0.766625,0.053526
pathmnist,456,0,rotated_normal_codebook,4,4.1308,0.8129,6c67264d552647758bb2ed518a33782bf190700d31dfdfabbdb7fa6a1a901438,0.156964,0.773817,0.057062
pneumoniamnist,123,-,fp32,32,32.0,6.0453,9ca190c298c12707025f3be88d9a00e22c535a23680d74ab7483ed7af1e1ea3e,0.879808,0.960963,0.861101
pneumoniamnist,123,-,fp16,16,16.0,3.0392,9ca190c298c12707025f3be88d9a00e22c535a23680d74ab7483ed7af1e1ea3e,0.879808,0.961073,0.861101
pneumoniamnist,123,-,int8_minmax,8,8.1055,1.556,9ca190c298c12707025f3be88d9a00e22c535a23680d74ab7483ed7af1e1ea3e,0.863782,0.958613,0.84082
pneumoniamnist,123,0,uniform_full,2,2.1147,0.4305,9ca190c298c12707025f3be88d9a00e22c535a23680d74ab7483ed7af1e1ea3e,0.625,0.5,0.384615
pneumoniamnist,123,0,rotated_normal_codebook,2,2.1147,0.4305,9ca190c298c12707025f3be88d9a00e22c535a23680d74ab7483ed7af1e1ea3e,0.625,0.391946,0.384615
pneumoniamnist,123,0,uniform_full,3,3.1132,0.6181,9ca190c298c12707025f3be88d9a00e22c535a23680d74ab7483ed7af1e1ea3e,0.621795,0.367708,0.383399
pneumoniamnist,123,0,rotated_normal_codebook,3,3.1132,0.6181,9ca190c298c12707025f3be88d9a00e22c535a23680d74ab7483ed7af1e1ea3e,0.625,0.476342,0.384615
pneumoniamnist,123,0,uniform_full,4,4.1117,0.8056,9ca190c298c12707025f3be88d9a00e22c535a23680d74ab7483ed7af1e1ea3e,0.607372,0.617236,0.592554
pneumoniamnist,123,0,rotated_uniform,4,4.1117,0.8056,9ca190c298c12707025f3be88d9a00e22c535a23680d74ab7483ed7af1e1ea3e,0.8125,0.866546,0.781512
pneumoniamnist,123,0,normal_codebook,4,4.1117,0.8056,9ca190c298c12707025f3be88d9a00e22c535a23680d74ab7483ed7af1e1ea3e,0.625,0.589349,0.384615
pneumoniamnist,123,0,rotated_normal_codebook,4,4.1117,0.8056,9ca190c298c12707025f3be88d9a00e22c535a23680d74ab7483ed7af1e1ea3e,0.625,0.63112,0.384615
pneumoniamnist,42,-,fp32,32,32.0,6.0453,d4ac570d8addae46811f0ab67e6f3890b6dbb310f2b0399a5166c00eecd65a8f,0.822115,0.948323,0.782974
pneumoniamnist,42,-,fp16,16,16.0,3.0392,d4ac570d8addae46811f0ab67e6f3890b6dbb310f2b0399a5166c00eecd65a8f,0.825321,0.948296,0.787587
pneumoniamnist,42,-,int8_minmax,8,8.1055,1.556,d4ac570d8addae46811f0ab67e6f3890b6dbb310f2b0399a5166c00eecd65a8f,0.836538,0.953874,0.804076
pneumoniamnist,42,0,uniform_full,2,2.1147,0.4305,d4ac570d8addae46811f0ab67e6f3890b6dbb310f2b0399a5166c00eecd65a8f,0.625,0.5,0.384615
pneumoniamnist,42,0,rotated_normal_codebook,2,2.1147,0.4305,d4ac570d8addae46811f0ab67e6f3890b6dbb310f2b0399a5166c00eecd65a8f,0.479167,0.4984,0.478458
pneumoniamnist,42,0,uniform_full,3,3.1132,0.6181,d4ac570d8addae46811f0ab67e6f3890b6dbb310f2b0399a5166c00eecd65a8f,0.625,0.569171,0.384615
pneumoniamnist,42,0,rotated_normal_codebook,3,3.1132,0.6181,d4ac570d8addae46811f0ab67e6f3890b6dbb310f2b0399a5166c00eecd65a8f,0.620192,0.215472,0.382789
pneumoniamnist,42,0,uniform_full,4,4.1117,0.8056,d4ac570d8addae46811f0ab67e6f3890b6dbb310f2b0399a5166c00eecd65a8f,0.719551,0.781213,0.62999
pneumoniamnist,42,0,rotated_uniform,4,4.1117,0.8056,d4ac570d8addae46811f0ab67e6f3890b6dbb310f2b0399a5166c00eecd65a8f,0.711538,0.7782,0.60325
pneumoniamnist,42,0,normal_codebook,4,4.1117,0.8056,d4ac570d8addae46811f0ab67e6f3890b6dbb310f2b0399a5166c00eecd65a8f,0.625,0.643338,0.384615
pneumoniamnist,42,0,rotated_normal_codebook,4,4.1117,0.8056,d4ac570d8addae46811f0ab67e6f3890b6dbb310f2b0399a5166c00eecd65a8f,0.634615,0.855062,0.411905
pneumoniamnist,456,-,fp32,32,32.0,6.0453,8e787f32e17cc57bb6609fd505d535a7f2c87dcf3082e3aae17db4face4eb8c0,0.838141,0.963292,0.806299
pneumoniamnist,456,-,fp16,16,16.0,3.0392,8e787f32e17cc57bb6609fd505d535a7f2c87dcf3082e3aae17db4face4eb8c0,0.838141,0.963264,0.806299
pneumoniamnist,456,-,int8_minmax,8,8.1055,1.556,8e787f32e17cc57bb6609fd505d535a7f2c87dcf3082e3aae17db4face4eb8c0,0.833333,0.964623,0.800234
pneumoniamnist,456,0,uniform_full,2,2.1147,0.4305,8e787f32e17cc57bb6609fd505d535a7f2c87dcf3082e3aae17db4face4eb8c0,0.625,0.5,0.384615
pneumoniamnist,456,0,rotated_normal_codebook,2,2.1147,0.4305,8e787f32e17cc57bb6609fd505d535a7f2c87dcf3082e3aae17db4face4eb8c0,0.657051,0.722474,0.653405
pneumoniamnist,456,0,uniform_full,3,3.1132,0.6181,8e787f32e17cc57bb6609fd505d535a7f2c87dcf3082e3aae17db4face4eb8c0,0.625,0.474759,0.388625
pneumoniamnist,456,0,rotated_normal_codebook,3,3.1132,0.6181,8e787f32e17cc57bb6609fd505d535a7f2c87dcf3082e3aae17db4face4eb8c0,0.625,0.342034,0.384615
pneumoniamnist,456,0,uniform_full,4,4.1117,0.8056,8e787f32e17cc57bb6609fd505d535a7f2c87dcf3082e3aae17db4face4eb8c0,0.655449,0.657807,0.470174
pneumoniamnist,456,0,rotated_uniform,4,4.1117,0.8056,8e787f32e17cc57bb6609fd505d535a7f2c87dcf3082e3aae17db4face4eb8c0,0.746795,0.87546,0.662393
pneumoniamnist,456,0,normal_codebook,4,4.1117,0.8056,8e787f32e17cc57bb6609fd505d535a7f2c87dcf3082e3aae17db4face4eb8c0,0.625,0.834944,0.384615
pneumoniamnist,456,0,rotated_normal_codebook,4,4.1117,0.8056,8e787f32e17cc57bb6609fd505d535a7f2c87dcf3082e3aae17db4face4eb8c0,0.625,0.885985,0.384615
