dataset,seed,method,mode,bits_per_weight,size_mb,acc,auc,f1_macro
bloodmnist,123,fp32,policy,32.0,6.0714,0.9693,0.9985,0.9686
bloodmnist,123,fp16,policy,16.0,3.0521,0.9693,0.9985,0.9686
bloodmnist,123,int8_minmax,policy,8.105,1.5624,0.9687,0.9984,0.9677
bloodmnist,123,uniform_2bit,policy,2.14,0.4366,0.1789,0.5004,0.0642
bloodmnist,123,turboquant_2bit,policy,2.14,0.4366,0.2011,0.504,0.0616
bloodmnist,123,uniform_3bit,policy,3.134,0.6242,0.2452,0.553,0.1461
bloodmnist,123,turboquant_3bit,policy,3.134,0.6242,0.1897,0.6985,0.1455
bloodmnist,123,uniform_4bit,policy,4.128,0.8119,0.5425,0.8882,0.4088
bloodmnist,123,turboquant_4bit,policy,4.128,0.8119,0.7933,0.9728,0.7531
bloodmnist,42,fp32,policy,32.0,6.0714,0.9693,0.9982,0.9679
bloodmnist,42,fp16,policy,16.0,3.0521,0.9696,0.9982,0.9683
bloodmnist,42,int8_minmax,policy,8.105,1.5624,0.9684,0.9982,0.967
bloodmnist,42,uniform_2bit,policy,2.14,0.4366,0.1768,0.5,0.0778
bloodmnist,42,turboquant_2bit,policy,2.14,0.4366,0.1944,0.5025,0.0837
bloodmnist,42,uniform_3bit,policy,3.134,0.6242,0.3306,0.5658,0.1983
bloodmnist,42,turboquant_3bit,policy,3.134,0.6242,0.4393,0.7898,0.2643
bloodmnist,42,uniform_4bit,policy,4.128,0.8119,0.4841,0.8751,0.3755
bloodmnist,42,turboquant_4bit,policy,4.128,0.8119,0.7559,0.964,0.7213
bloodmnist,456,fp32,policy,32.0,6.0714,0.9737,0.9987,0.9734
bloodmnist,456,fp16,policy,16.0,3.0521,0.9737,0.9987,0.9733
bloodmnist,456,int8_minmax,policy,8.105,1.5624,0.9722,0.9986,0.9714
bloodmnist,456,uniform_2bit,policy,2.14,0.4366,0.1906,0.5015,0.0722
bloodmnist,456,turboquant_2bit,policy,2.14,0.4366,0.1882,0.4983,0.0626
bloodmnist,456,uniform_3bit,policy,3.134,0.6242,0.2751,0.6225,0.1663
bloodmnist,456,turboquant_3bit,policy,3.134,0.6242,0.2701,0.6901,0.1694
bloodmnist,456,uniform_4bit,policy,4.128,0.8119,0.4125,0.8357,0.3766
bloodmnist,456,turboquant_4bit,policy,4.128,0.8119,0.1505,0.7508,0.1295
dermamnist,123,fp32,policy,32.0,6.0673,0.7845,0.9203,0.5601
dermamnist,123,fp16,policy,16.0,3.0501,0.7845,0.9203,0.5604
dermamnist,123,int8_minmax,policy,8.105,1.5613,0.781,0.9207,0.5564
dermamnist,123,uniform_2bit,policy,2.136,0.4356,0.6688,0.5,0.1145
dermamnist,123,turboquant_2bit,policy,2.136,0.4356,0.6673,0.4973,0.1144
dermamnist,123,uniform_3bit,policy,3.131,0.6232,0.6663,0.4386,0.1144
dermamnist,123,turboquant_3bit,policy,3.131,0.6232,0.3486,0.4801,0.0859
dermamnist,123,uniform_4bit,policy,4.126,0.8108,0.5496,0.7054,0.2209
dermamnist,123,turboquant_4bit,policy,4.126,0.8108,0.5706,0.7588,0.2678
dermamnist,42,fp32,policy,32.0,6.0673,0.7451,0.9117,0.5105
dermamnist,42,fp16,policy,16.0,3.0501,0.7441,0.9118,0.5079
dermamnist,42,int8_minmax,policy,8.105,1.5613,0.7476,0.91,0.5053
dermamnist,42,uniform_2bit,policy,2.136,0.4356,0.6688,0.5,0.1145
dermamnist,42,turboquant_2bit,policy,2.136,0.4356,0.6688,0.4995,0.1145
dermamnist,42,uniform_3bit,policy,3.131,0.6232,0.6618,0.4836,0.1152
dermamnist,42,turboquant_3bit,policy,3.131,0.6232,0.6673,0.5658,0.1169
dermamnist,42,uniform_4bit,policy,4.126,0.8108,0.6284,0.7737,0.2514
dermamnist,42,turboquant_4bit,policy,4.126,0.8108,0.6733,0.7451,0.1419
dermamnist,456,fp32,policy,32.0,6.0673,0.7656,0.9189,0.5445
dermamnist,456,fp16,policy,16.0,3.0501,0.7641,0.9189,0.5439
dermamnist,456,int8_minmax,policy,8.105,1.5613,0.7571,0.9191,0.5371
dermamnist,456,uniform_2bit,policy,2.136,0.4356,0.6688,0.5005,0.1159
dermamnist,456,turboquant_2bit,policy,2.136,0.4356,0.6678,0.4997,0.1144
dermamnist,456,uniform_3bit,policy,3.131,0.6232,0.6603,0.4763,0.1361
dermamnist,456,turboquant_3bit,policy,3.131,0.6232,0.4309,0.5661,0.1014
dermamnist,456,uniform_4bit,policy,4.126,0.8108,0.6703,0.7587,0.2114
dermamnist,456,turboquant_4bit,policy,4.126,0.8108,0.6833,0.7708,0.2234
pathmnist,123,fp32,policy,32.0,6.0755,0.8946,0.9896,0.8654
pathmnist,123,fp16,policy,16.0,3.0542,0.8944,0.9896,0.8653
pathmnist,123,int8_minmax,policy,8.105,1.5634,0.8946,0.9886,0.8648
pathmnist,123,uniform_2bit,policy,2.144,0.4376,0.1022,0.5066,0.0775
pathmnist,123,turboquant_2bit,policy,2.144,0.4376,0.085,0.4804,0.068
pathmnist,123,uniform_3bit,policy,3.137,0.6253,0.1145,0.5485,0.0777
pathmnist,123,turboquant_3bit,policy,3.137,0.6253,0.1139,0.6182,0.0841
pathmnist,123,uniform_4bit,policy,4.131,0.8129,0.6074,0.9115,0.5782
pathmnist,123,turboquant_4bit,policy,4.131,0.8129,0.7748,0.9556,0.7438
pathmnist,42,fp32,policy,32.0,6.0755,0.9006,0.9912,0.8691
pathmnist,42,fp16,policy,16.0,3.0542,0.8997,0.9912,0.8681
pathmnist,42,int8_minmax,policy,8.105,1.5634,0.8971,0.9911,0.868
pathmnist,42,uniform_2bit,policy,2.144,0.4376,0.1703,0.5043,0.0458
pathmnist,42,turboquant_2bit,policy,2.144,0.4376,0.1113,0.4865,0.0578
pathmnist,42,uniform_3bit,policy,3.137,0.6253,0.2318,0.6694,0.1809
pathmnist,42,turboquant_3bit,policy,3.137,0.6253,0.2504,0.7191,0.1434
pathmnist,42,uniform_4bit,policy,4.131,0.8129,0.6799,0.9288,0.5943
pathmnist,42,turboquant_4bit,policy,4.131,0.8129,0.8277,0.9688,0.7845
pathmnist,456,fp32,policy,32.0,6.0755,0.8999,0.9911,0.8714
pathmnist,456,fp16,policy,16.0,3.0542,0.8994,0.9911,0.8711
pathmnist,456,int8_minmax,policy,8.105,1.5634,0.8942,0.9903,0.8627
pathmnist,456,uniform_2bit,policy,2.144,0.4376,0.0759,0.499,0.0623
pathmnist,456,turboquant_2bit,policy,2.144,0.4376,0.1673,0.5316,0.0734
pathmnist,456,uniform_3bit,policy,3.137,0.6253,0.1565,0.5916,0.1645
pathmnist,456,turboquant_3bit,policy,3.137,0.6253,0.1111,0.5503,0.0977
pathmnist,456,uniform_4bit,policy,4.131,0.8129,0.6306,0.9473,0.632
pathmnist,456,turboquant_4bit,policy,4.131,0.8129,0.7762,0.9572,0.7061
pneumoniamnist,123,fp32,policy,32.0,6.0453,0.8798,0.961,0.8611
pneumoniamnist,123,fp16,policy,16.0,3.0392,0.8798,0.9611,0.8611
pneumoniamnist,123,int8_minmax,policy,8.106,1.556,0.8638,0.9586,0.8408
pneumoniamnist,123,uniform_2bit,policy,2.115,0.4305,0.625,0.5,0.3846
pneumoniamnist,123,turboquant_2bit,policy,2.115,0.4305,0.625,0.5,0.3846
pneumoniamnist,123,uniform_3bit,policy,3.113,0.6181,0.633,0.6205,0.4221
pneumoniamnist,123,turboquant_3bit,policy,3.113,0.6181,0.5978,0.5163,0.5469
pneumoniamnist,123,uniform_4bit,policy,4.112,0.8056,0.6843,0.8051,0.5499
pneumoniamnist,123,turboquant_4bit,policy,4.112,0.8056,0.6538,0.6649,0.4693
pneumoniamnist,42,fp32,policy,32.0,6.0453,0.8221,0.9483,0.783
pneumoniamnist,42,fp16,policy,16.0,3.0392,0.8253,0.9483,0.7876
pneumoniamnist,42,int8_minmax,policy,8.106,1.556,0.8365,0.9539,0.8041
pneumoniamnist,42,uniform_2bit,policy,2.115,0.4305,0.625,0.5,0.3846
pneumoniamnist,42,turboquant_2bit,policy,2.115,0.4305,0.625,0.5,0.3846
pneumoniamnist,42,uniform_3bit,policy,3.113,0.6181,0.6218,0.5605,0.3989
pneumoniamnist,42,turboquant_3bit,policy,3.113,0.6181,0.7436,0.7809,0.7279
pneumoniamnist,42,uniform_4bit,policy,4.112,0.8056,0.6635,0.5567,0.509
pneumoniamnist,42,turboquant_4bit,policy,4.112,0.8056,0.6603,0.7523,0.6564
pneumoniamnist,456,fp32,policy,32.0,6.0453,0.8381,0.9633,0.8063
pneumoniamnist,456,fp16,policy,16.0,3.0392,0.8381,0.9633,0.8063
pneumoniamnist,456,int8_minmax,policy,8.106,1.556,0.8333,0.9646,0.8002
pneumoniamnist,456,uniform_2bit,policy,2.115,0.4305,0.625,0.5,0.3846
pneumoniamnist,456,turboquant_2bit,policy,2.115,0.4305,0.625,0.5,0.3846
pneumoniamnist,456,uniform_3bit,policy,3.113,0.6181,0.6282,0.45,0.3939
pneumoniamnist,456,turboquant_3bit,policy,3.113,0.6181,0.4022,0.3091,0.3781
pneumoniamnist,456,uniform_4bit,policy,4.112,0.8056,0.633,0.7149,0.4074
pneumoniamnist,456,turboquant_4bit,policy,4.112,0.8056,0.7324,0.7837,0.654
