dataset,bit,family,chosen,val_auc_mean,test_auc_mean,test_auc_std,test_acc_mean,test_f1_mean
ALL,-,fp32,fp32,0.9798,0.9659,0.0338,0.8702,0.7984
ALL,-,fp16,fp16,0.9798,0.9659,0.0338,0.8702,0.7985
ALL,-,int8_minmax,int8_minmax,0.9788,0.966,0.0337,0.8679,0.7955
bloodmnist,2,uniform,uniform_2bit_naive,0.507,0.5098,0.0313,0.1663,0.0818
bloodmnist,2,turboquant,turboquant_2bit_naive,0.5502,0.5539,0.0482,0.1462,0.0696
bloodmnist,3,uniform,uniform_3bit_naive,0.4867,0.4908,0.0346,0.1497,0.0686
bloodmnist,3,turboquant,turboquant_3bit_policy8,0.6734,0.679,0.0217,0.2119,0.1149
bloodmnist,4,uniform,uniform_4bit_policy,0.9307,0.9312,0.0247,0.6935,0.5664
bloodmnist,4,turboquant,turboquant_4bit_policy8,0.9166,0.9167,0.0583,0.6189,0.548
dermamnist,2,uniform,uniform_2bit_naive,0.502,0.5006,0.001,0.667,0.1163
dermamnist,2,turboquant,turboquant_2bit_policy1,0.5158,0.5308,0.0375,0.6686,0.1149
dermamnist,3,uniform,uniform_3bit_naive,0.5293,0.522,0.0734,0.6342,0.1165
dermamnist,3,turboquant,turboquant_3bit_policy8,0.6138,0.6154,0.0268,0.6206,0.1209
dermamnist,4,uniform,uniform_4bit_policy,0.7779,0.785,0.0271,0.6652,0.2559
dermamnist,4,turboquant,turboquant_4bit_policy8,0.8002,0.8089,0.0375,0.6761,0.2723
pathmnist,2,uniform,uniform_2bit_naive,0.506,0.5152,0.0409,0.145,0.0757
pathmnist,2,turboquant,turboquant_2bit_naive,0.6223,0.6489,0.0247,0.1514,0.069
pathmnist,3,uniform,uniform_3bit_naive,0.6531,0.6633,0.0815,0.1472,0.0704
pathmnist,3,turboquant,turboquant_3bit_policy1,0.7189,0.7226,0.0309,0.2232,0.1825
pathmnist,4,uniform,uniform_4bit_policy,0.8936,0.888,0.0863,0.5684,0.5239
pathmnist,4,turboquant,turboquant_4bit_policy1,0.9429,0.9184,0.0378,0.6067,0.5863
pneumoniamnist,2,uniform,uniform_2bit_naive,0.5,0.5,0.0,0.625,0.3846
pneumoniamnist,2,turboquant,turboquant_2bit_naive,0.5612,0.5726,0.0189,0.625,0.3846
pneumoniamnist,3,uniform,uniform_3bit_policy,0.6733,0.6566,0.0446,0.625,0.3846
pneumoniamnist,3,turboquant,turboquant_3bit_naive,0.6005,0.5541,0.2589,0.6106,0.4505
pneumoniamnist,4,uniform,uniform_4bit_policy,0.8897,0.8494,0.0707,0.664,0.4871
pneumoniamnist,4,turboquant,turboquant_4bit_policy8,0.9591,0.923,0.0337,0.8264,0.7914
