dataset,model_seed,left,right,metric,delta,low,high,replicates
bloodmnist,42,saved_rotated_normal_codebook_4,saved_uniform_full_4,acc,-0.3116047939199065,-0.3244665302543116,-0.2990353697749196,2000
bloodmnist,42,saved_rotated_normal_codebook_4,saved_uniform_full_4,auc,-0.005632230905640356,-0.016185359706789994,0.005174829257578884,2000
bloodmnist,42,saved_rotated_normal_codebook_4,saved_uniform_full_4,f1_macro,-0.3415325968101349,-0.35742541024227187,-0.32596715746859073,2000
bloodmnist,123,saved_rotated_normal_codebook_4,saved_uniform_full_4,acc,-0.08652440806781644,-0.10114001753873134,-0.07190879859690147,2000
bloodmnist,123,saved_rotated_normal_codebook_4,saved_uniform_full_4,auc,0.024770123306316005,0.013589784639828361,0.0356620859407657,2000
bloodmnist,123,saved_rotated_normal_codebook_4,saved_uniform_full_4,f1_macro,-0.19285530030085551,-0.20914814405883614,-0.17550265196039835,2000
bloodmnist,456,saved_rotated_normal_codebook_4,saved_uniform_full_4,acc,-0.15200233849751538,-0.16515638702133878,-0.1388482899736919,2000
bloodmnist,456,saved_rotated_normal_codebook_4,saved_uniform_full_4,auc,0.05652155770927325,0.04657135780042577,0.06669854087199314,2000
bloodmnist,456,saved_rotated_normal_codebook_4,saved_uniform_full_4,f1_macro,-0.13170886977089788,-0.14749421886539893,-0.11579290600139429,2000
bloodmnist,mean_of_3,saved_rotated_normal_codebook_4,saved_uniform_full_4,acc,-0.1833771801617461,-0.191756796258404,-0.175484751047452,2000
bloodmnist,mean_of_3,saved_rotated_normal_codebook_4,saved_uniform_full_4,auc,0.0252198167033163,0.018866934910338976,0.031896681450637246,2000
bloodmnist,mean_of_3,saved_rotated_normal_codebook_4,saved_uniform_full_4,f1_macro,-0.22203225562729612,-0.2314804612071501,-0.21226917496763714,2000
bloodmnist,42,saved_rotated_normal_codebook_4,saved_rotated_uniform_4,acc,-0.4878690441391407,-0.5001461560947091,-0.4755919321835721,2000
bloodmnist,42,saved_rotated_normal_codebook_4,saved_rotated_uniform_4,auc,-0.09457041772045915,-0.10508821527943214,-0.08483475418146323,2000
bloodmnist,42,saved_rotated_normal_codebook_4,saved_rotated_uniform_4,f1_macro,-0.4262057749470046,-0.44090552264818206,-0.41048996187956555,2000
bloodmnist,123,saved_rotated_normal_codebook_4,saved_rotated_uniform_4,acc,-0.265127155802397,-0.2782812043262204,-0.2519731072785735,2000
bloodmnist,123,saved_rotated_normal_codebook_4,saved_rotated_uniform_4,auc,-0.07558018067640915,-0.08544325482790288,-0.06500867984978556,2000
bloodmnist,123,saved_rotated_normal_codebook_4,saved_rotated_uniform_4,f1_macro,-0.3050497148301568,-0.3213837784398963,-0.2882975662032534,2000
bloodmnist,456,saved_rotated_normal_codebook_4,saved_rotated_uniform_4,acc,-0.16194095293773753,-0.17451037708272435,-0.14937152879275062,2000
bloodmnist,456,saved_rotated_normal_codebook_4,saved_rotated_uniform_4,auc,0.12216414164888278,0.11262959184296667,0.13147831371229818,2000
bloodmnist,456,saved_rotated_normal_codebook_4,saved_rotated_uniform_4,f1_macro,-0.12678027879148898,-0.14274437367450224,-0.11053749065753614,2000
bloodmnist,mean_of_3,saved_rotated_normal_codebook_4,saved_rotated_uniform_4,acc,-0.30497905095975836,-0.31257916788463413,-0.29786612101724647,2000
bloodmnist,mean_of_3,saved_rotated_normal_codebook_4,saved_rotated_uniform_4,auc,-0.01599548558266184,-0.021925745417193714,-0.009779946465273836,2000
bloodmnist,mean_of_3,saved_rotated_normal_codebook_4,saved_rotated_uniform_4,f1_macro,-0.28601192285621685,-0.2949987876607929,-0.2770384903163388,2000
bloodmnist,42,saved_rotated_normal_codebook_4,saved_normal_codebook_4,acc,0.019000292312189415,0.014615609470914948,0.02338497515346391,2000
bloodmnist,42,saved_rotated_normal_codebook_4,saved_normal_codebook_4,auc,0.1727064098835901,0.16355772879161956,0.18191229200303197,2000
bloodmnist,42,saved_rotated_normal_codebook_4,saved_normal_codebook_4,f1_macro,0.03029354993841083,0.023185573389009784,0.037732540699476604,2000
bloodmnist,123,saved_rotated_normal_codebook_4,saved_normal_codebook_4,acc,0.11078631978953521,0.10347851505407774,0.11809412452499271,2000
bloodmnist,123,saved_rotated_normal_codebook_4,saved_normal_codebook_4,auc,0.22865874215894355,0.21885416286346313,0.23843228237539957,2000
bloodmnist,123,saved_rotated_normal_codebook_4,saved_normal_codebook_4,f1_macro,0.06745791151085186,0.06430267611823386,0.07055531168401698,2000
bloodmnist,456,saved_rotated_normal_codebook_4,saved_normal_codebook_4,acc,0.024554223911137096,0.019000292312189415,0.030400467699503053,2000
bloodmnist,456,saved_rotated_normal_codebook_4,saved_normal_codebook_4,auc,0.09207507582861496,0.08521461236586063,0.098700495281563,2000
bloodmnist,456,saved_rotated_normal_codebook_4,saved_normal_codebook_4,f1_macro,0.06015792655196062,0.04861113244902156,0.07192049460321878,2000
bloodmnist,mean_of_3,saved_rotated_normal_codebook_4,saved_normal_codebook_4,acc,0.05144694533762057,0.047939199064601,0.0548596901490792,2000
bloodmnist,mean_of_3,saved_rotated_normal_codebook_4,saved_normal_codebook_4,auc,0.16448007595704953,0.15928672037092795,0.16972923418367947,2000
bloodmnist,mean_of_3,saved_rotated_normal_codebook_4,saved_normal_codebook_4,f1_macro,0.05263646266707444,0.04798155328611881,0.057271895724773786,2000
bloodmnist,42,dfq_cle_bc_4,saved_uniform_full_4,acc,0.11955568547208417,0.10610932475884244,0.13300204618532596,2000
bloodmnist,42,dfq_cle_bc_4,saved_uniform_full_4,auc,0.0894600638346682,0.0814340267934162,0.09686349677463636,2000
bloodmnist,42,dfq_cle_bc_4,saved_uniform_full_4,f1_macro,0.11912464175915782,0.10091045056110684,0.13694232271891751,2000
bloodmnist,123,dfq_cle_bc_4,saved_uniform_full_4,acc,0.1555100847705349,0.14117947968430283,0.1707176264250219,2000
bloodmnist,123,dfq_cle_bc_4,saved_uniform_full_4,auc,0.0516801024646818,0.04332829133895562,0.05994713106444706,2000
bloodmnist,123,dfq_cle_bc_4,saved_uniform_full_4,f1_macro,0.13212105495347498,0.11314220299969031,0.15170228830073723,2000
bloodmnist,456,dfq_cle_bc_4,saved_uniform_full_4,acc,0.0894475299619994,0.0742472961122479,0.10436275942706809,2000
bloodmnist,456,dfq_cle_bc_4,saved_uniform_full_4,auc,0.04037901318612913,0.03027601197485272,0.05105962407270565,2000
bloodmnist,456,dfq_cle_bc_4,saved_uniform_full_4,f1_macro,0.10530271380603473,0.08872310966323928,0.12233943728525601,2000
bloodmnist,mean_of_3,dfq_cle_bc_4,saved_uniform_full_4,acc,0.12150443340153949,0.11273263178407872,0.13007892429114293,2000
bloodmnist,mean_of_3,dfq_cle_bc_4,saved_uniform_full_4,auc,0.06050639316182638,0.05542446130985201,0.06587747982638381,2000
bloodmnist,mean_of_3,dfq_cle_bc_4,saved_uniform_full_4,f1_macro,0.11884947017288917,0.10766151791698997,0.12974770395015262,2000
bloodmnist,42,dfq_cle_bc_4,folded_uniform_4,acc,0.12072493422975733,0.10698626132709738,0.133593978368898,2000
bloodmnist,42,dfq_cle_bc_4,folded_uniform_4,auc,0.09029250657113308,0.08222509396795971,0.09774637280355924,2000
bloodmnist,42,dfq_cle_bc_4,folded_uniform_4,f1_macro,0.12108607298163954,0.10300229840225551,0.1385436813241314,2000
bloodmnist,123,dfq_cle_bc_4,folded_uniform_4,acc,0.15463314820228002,0.14059485530546623,0.16983338205203152,2000
bloodmnist,123,dfq_cle_bc_4,folded_uniform_4,auc,0.05128332685956649,0.042943655827754786,0.059567404015722074,2000
bloodmnist,123,dfq_cle_bc_4,folded_uniform_4,f1_macro,0.13054805286970922,0.11198026821996987,0.15000276095600046,2000
bloodmnist,456,dfq_cle_bc_4,folded_uniform_4,acc,0.08857059339374451,0.07337035954399301,0.10377082724349601,2000
bloodmnist,456,dfq_cle_bc_4,folded_uniform_4,auc,0.03997900673694721,0.029828904746096792,0.050557798402555296,2000
bloodmnist,456,dfq_cle_bc_4,folded_uniform_4,f1_macro,0.10448147690643556,0.08754991253488889,0.12136963030989124,2000
bloodmnist,mean_of_3,dfq_cle_bc_4,folded_uniform_4,acc,0.12130955860859395,0.11254019292604502,0.12978661210172462,2000
bloodmnist,mean_of_3,dfq_cle_bc_4,folded_uniform_4,auc,0.06051828005588226,0.05542871349276488,0.06595094571467514,2000
bloodmnist,mean_of_3,dfq_cle_bc_4,folded_uniform_4,f1_macro,0.11870520091926144,0.10743735485965146,0.12968886194849338,2000
bloodmnist,42,saved_int8_minmax_8,saved_fp32_32,acc,-0.0005846243788365513,-0.004676995030692743,0.003215434083601254,2000
bloodmnist,42,saved_int8_minmax_8,saved_fp32_32,auc,-2.017305143720005e-05,-0.0001889492683674776,0.00013331865859966816,2000
bloodmnist,42,saved_int8_minmax_8,saved_fp32_32,f1_macro,-0.000489430262974766,-0.004943888091042914,0.003706187866233296,2000
bloodmnist,123,saved_int8_minmax_8,saved_fp32_32,acc,-0.0008769365682548269,-0.004092370651856192,0.0020461853259281515,2000
bloodmnist,123,saved_int8_minmax_8,saved_fp32_32,auc,-0.0001071197852056116,-0.00020709508116505959,-1.961568392242064e-06,2000
bloodmnist,123,saved_int8_minmax_8,saved_fp32_32,f1_macro,-0.0013684381457490513,-0.004877394571260879,0.0020219806451804703,2000
bloodmnist,456,saved_int8_minmax_8,saved_fp32_32,acc,-0.0014615609470914892,-0.00496930722011113,0.0017538731365097677,2000
bloodmnist,456,saved_int8_minmax_8,saved_fp32_32,auc,-0.00012071394133983393,-0.00021800738068485648,-3.304153803711255e-05,2000
bloodmnist,456,saved_int8_minmax_8,saved_fp32_32,f1_macro,-0.0020244453531490514,-0.005864899135193788,0.0014410896463279595,2000
bloodmnist,mean_of_3,saved_int8_minmax_8,saved_fp32_32,acc,-0.0009743739647276225,-0.003020559290655774,0.0009743739647276964,2000
bloodmnist,mean_of_3,saved_int8_minmax_8,saved_fp32_32,auc,-8.26689259942152e-05,-0.00016063130020022481,-8.54100049389281e-06,2000
bloodmnist,mean_of_3,saved_int8_minmax_8,saved_fp32_32,f1_macro,-0.0012941045872909562,-0.003624232023211412,0.0008561019369762967,2000
bloodmnist,42,saved_fp16_16,saved_fp32_32,acc,0.0008769365682549379,-0.00029231218941827564,0.002338497515346427,2000
bloodmnist,42,saved_fp16_16,saved_fp32_32,auc,4.879329413842726e-07,-7.823382255250922e-06,9.139317511236412e-06,2000
bloodmnist,42,saved_fp16_16,saved_fp32_32,f1_macro,0.0008419486605483195,-0.00041928453096792275,0.0023660840084532902,2000
bloodmnist,123,saved_fp16_16,saved_fp32_32,acc,0.0,0.0,0.0,2000
bloodmnist,123,saved_fp16_16,saved_fp32_32,auc,1.9322610074201663e-06,-4.440998023472198e-06,8.949842430050481e-06,2000
bloodmnist,123,saved_fp16_16,saved_fp32_32,f1_macro,0.0,0.0,0.0,2000
bloodmnist,456,saved_fp16_16,saved_fp32_32,acc,-0.0005846243788365513,-0.0014615609470914892,0.0,2000
bloodmnist,456,saved_fp16_16,saved_fp32_32,auc,-8.83396747974885e-07,-9.954267971998276e-06,7.93880127020751e-06,2000
bloodmnist,456,saved_fp16_16,saved_fp32_32,f1_macro,-0.0008052605511139621,-0.002085037009735097,0.0,2000
bloodmnist,mean_of_3,saved_fp16_16,saved_fp32_32,acc,9.743739647279555e-05,-0.00038974958589107117,0.00058706031374843,2000
bloodmnist,mean_of_3,saved_fp16_16,saved_fp32_32,auc,5.122657336098513e-07,-3.714790249066217e-06,4.874272639264012e-06,2000
bloodmnist,mean_of_3,saved_fp16_16,saved_fp32_32,f1_macro,1.222936981145247e-05,-0.0006014015793529772,0.0006299901731062242,2000
dermamnist,42,saved_rotated_normal_codebook_4,saved_uniform_full_4,acc,0.04738154613466339,0.033915211970074854,0.06134663341645885,2000
dermamnist,42,saved_rotated_normal_codebook_4,saved_uniform_full_4,auc,-0.006228741471466903,-0.045500974119896356,0.03095362262024859,2000
dermamnist,42,saved_rotated_normal_codebook_4,saved_uniform_full_4,f1_macro,-0.0440047886894855,-0.0609556428415917,-0.02946251686180035,2000
dermamnist,123,saved_rotated_normal_codebook_4,saved_uniform_full_4,acc,-0.427431421446384,-0.44488778054862843,-0.4094763092269327,2000
dermamnist,123,saved_rotated_normal_codebook_4,saved_uniform_full_4,auc,-0.07291681902977865,-0.1114758269153188,-0.03268136453514318,2000
dermamnist,123,saved_rotated_normal_codebook_4,saved_uniform_full_4,f1_macro,-0.07525691232019065,-0.09972611591005963,-0.05181355359198884,2000
dermamnist,456,saved_rotated_normal_codebook_4,saved_uniform_full_4,acc,0.053366583541147095,0.04139650872817946,0.06533665835411462,2000
dermamnist,456,saved_rotated_normal_codebook_4,saved_uniform_full_4,auc,0.02464246581758356,-0.012814167611399007,0.06359889208510265,2000
dermamnist,456,saved_rotated_normal_codebook_4,saved_uniform_full_4,f1_macro,-0.03114920873041059,-0.04277519177296989,-0.01989354784424225,2000
dermamnist,mean_of_3,saved_rotated_normal_codebook_4,saved_uniform_full_4,acc,-0.10889443059019117,-0.11787614297589362,-0.09975062344139655,2000
dermamnist,mean_of_3,saved_rotated_normal_codebook_4,saved_uniform_full_4,auc,-0.01816769822788733,-0.04434836901422997,0.008699071562510333,2000
dermamnist,mean_of_3,saved_rotated_normal_codebook_4,saved_uniform_full_4,f1_macro,-0.05013696991336225,-0.061471562896600836,-0.038519301706131256,2000
dermamnist,42,saved_rotated_normal_codebook_4,saved_rotated_uniform_4,acc,0.04089775561097253,0.029426433915211936,0.052867830423940165,2000
dermamnist,42,saved_rotated_normal_codebook_4,saved_rotated_uniform_4,auc,-0.003483822590545582,-0.033799055579673595,0.029221399747411628,2000
dermamnist,42,saved_rotated_normal_codebook_4,saved_rotated_uniform_4,f1_macro,-0.038118784196049596,-0.05468031373851882,-0.021609316623020257,2000
dermamnist,123,saved_rotated_normal_codebook_4,saved_rotated_uniform_4,acc,-0.33965087281795503,-0.3635910224438903,-0.31521197007481294,2000
dermamnist,123,saved_rotated_normal_codebook_4,saved_rotated_uniform_4,auc,-0.15345038753157603,-0.1896704227642042,-0.1161374009050679,2000
dermamnist,123,saved_rotated_normal_codebook_4,saved_rotated_uniform_4,f1_macro,-0.11720788388132485,-0.1379605556906102,-0.0966052254577946,2000
dermamnist,456,saved_rotated_normal_codebook_4,saved_rotated_uniform_4,acc,0.13366583541147126,0.1142144638403989,0.1546134663341645,2000
dermamnist,456,saved_rotated_normal_codebook_4,saved_rotated_uniform_4,auc,-0.07521214563477563,-0.10631873820606856,-0.04078424030948352,2000
dermamnist,456,saved_rotated_normal_codebook_4,saved_rotated_uniform_4,f1_macro,-0.1373540366289529,-0.16555182378814617,-0.11102525895980107,2000
dermamnist,mean_of_3,saved_rotated_normal_codebook_4,saved_rotated_uniform_4,acc,-0.05502909393183708,-0.06583956774729842,-0.04372402327514554,2000
dermamnist,mean_of_3,saved_rotated_normal_codebook_4,saved_rotated_uniform_4,auc,-0.07738211858563242,-0.09815554121389206,-0.05655638876066163,2000
dermamnist,mean_of_3,saved_rotated_normal_codebook_4,saved_rotated_uniform_4,f1_macro,-0.09756023490210912,-0.11096587296665128,-0.0845860811891256,2000
dermamnist,42,saved_rotated_normal_codebook_4,saved_normal_codebook_4,acc,0.42892768079800503,0.4119700748129676,0.4458852867830424,2000
dermamnist,42,saved_rotated_normal_codebook_4,saved_normal_codebook_4,auc,0.06417201144837226,0.03477642019040951,0.09571590528528941,2000
dermamnist,42,saved_rotated_normal_codebook_4,saved_normal_codebook_4,f1_macro,0.04563115602186932,0.037944223959144166,0.05493070258553383,2000
dermamnist,123,saved_rotated_normal_codebook_4,saved_normal_codebook_4,acc,-0.21197007481296756,-0.23092269326683293,-0.19052369077306733,2000
dermamnist,123,saved_rotated_normal_codebook_4,saved_normal_codebook_4,auc,0.0469537352261889,0.016899001442829752,0.07723841358336894,2000
dermamnist,123,saved_rotated_normal_codebook_4,saved_normal_codebook_4,f1_macro,-0.030962639621294183,-0.04249590013776714,-0.01689303206748964,2000
dermamnist,456,saved_rotated_normal_codebook_4,saved_normal_codebook_4,acc,0.02294264339152119,0.015461346633416362,0.030922693266832835,2000
dermamnist,456,saved_rotated_normal_codebook_4,saved_normal_codebook_4,auc,0.037901140991125626,0.005198379788129115,0.06992262783879614,2000
dermamnist,456,saved_rotated_normal_codebook_4,saved_normal_codebook_4,f1_macro,-0.005705655967476325,-0.011715989531156885,-0.0004536515186880376,2000
dermamnist,mean_of_3,saved_rotated_normal_codebook_4,saved_normal_codebook_4,acc,0.07996674979218622,0.0704904405652535,0.09010806317539483,2000
dermamnist,mean_of_3,saved_rotated_normal_codebook_4,saved_normal_codebook_4,auc,0.04967562922189559,0.032534703822499386,0.0672436767752994,2000
dermamnist,mean_of_3,saved_rotated_normal_codebook_4,saved_normal_codebook_4,f1_macro,0.00298762014436627,-0.0023013495428756718,0.009055513416198981,2000
dermamnist,42,dfq_cle_bc_4,saved_uniform_full_4,acc,-0.012967581047381493,-0.02942643391521194,0.003990024937655878,2000
dermamnist,42,dfq_cle_bc_4,saved_uniform_full_4,auc,-0.06433789418418756,-0.10348798060844772,-0.026651456457060265,2000
dermamnist,42,dfq_cle_bc_4,saved_uniform_full_4,f1_macro,-0.0033416669561144308,-0.02209470832641094,0.014371537835389631,2000
dermamnist,123,dfq_cle_bc_4,saved_uniform_full_4,acc,-0.032917705735660885,-0.04788029925187032,-0.01845386533665838,2000
dermamnist,123,dfq_cle_bc_4,saved_uniform_full_4,auc,-0.0007298244380011809,-0.03259832987331063,0.031418198026792465,2000
dermamnist,123,dfq_cle_bc_4,saved_uniform_full_4,f1_macro,0.02905302106885399,0.00556120072594187,0.052582352779894204,2000
dermamnist,456,dfq_cle_bc_4,saved_uniform_full_4,acc,0.027431421446383997,0.011471321695760595,0.04340399002493762,2000
dermamnist,456,dfq_cle_bc_4,saved_uniform_full_4,auc,0.09579042679321648,0.06927225013818912,0.12218076922316967,2000
dermamnist,456,dfq_cle_bc_4,saved_uniform_full_4,f1_macro,0.08074831451692782,0.0565549077694684,0.10565760415046217,2000
dermamnist,mean_of_3,dfq_cle_bc_4,saved_uniform_full_4,acc,-0.006151288445552794,-0.015128844555278447,0.0028304239401496342,2000
dermamnist,mean_of_3,dfq_cle_bc_4,saved_uniform_full_4,auc,0.010240902723675912,-0.008836346527513538,0.02904351785074193,2000
dermamnist,mean_of_3,dfq_cle_bc_4,saved_uniform_full_4,f1_macro,0.03548655620988913,0.021719069961628312,0.04856522503947876,2000
dermamnist,42,dfq_cle_bc_4,folded_uniform_4,acc,-0.011471321695760595,-0.027443890274314278,0.005486284289276777,2000
dermamnist,42,dfq_cle_bc_4,folded_uniform_4,auc,-0.06454834608732163,-0.10385962023233375,-0.026844343332407664,2000
dermamnist,42,dfq_cle_bc_4,folded_uniform_4,f1_macro,-0.0028615150780362253,-0.021795473903636002,0.014988469302007723,2000
dermamnist,123,dfq_cle_bc_4,folded_uniform_4,acc,-0.032917705735660885,-0.04788029925187032,-0.01845386533665838,2000
dermamnist,123,dfq_cle_bc_4,folded_uniform_4,auc,-0.0014254121109139595,-0.03323451197547979,0.03053636536756891,2000
dermamnist,123,dfq_cle_bc_4,folded_uniform_4,f1_macro,0.02905302106885399,0.00556120072594187,0.052582352779894204,2000
dermamnist,456,dfq_cle_bc_4,folded_uniform_4,acc,0.025436408977556058,0.009463840399002483,0.04139650872817957,2000
dermamnist,456,dfq_cle_bc_4,folded_uniform_4,auc,0.0950642975475533,0.06856718326613655,0.12130117518977827,2000
dermamnist,456,dfq_cle_bc_4,folded_uniform_4,f1_macro,0.08034663690005367,0.05624906133673356,0.10528034312849954,2000
dermamnist,mean_of_3,dfq_cle_bc_4,folded_uniform_4,acc,-0.006317539484621808,-0.015128844555278447,0.002660016625103919,2000
dermamnist,mean_of_3,dfq_cle_bc_4,folded_uniform_4,auc,0.00969684644977257,-0.009486825684772911,0.028559051844497453,2000
dermamnist,mean_of_3,dfq_cle_bc_4,folded_uniform_4,f1_macro,0.03551271429695715,0.021695679138076445,0.04863150388285092,2000
dermamnist,42,saved_int8_minmax_8,saved_fp32_32,acc,0.0029925187032419087,-0.005486284289276888,0.012468827930174564,2000
dermamnist,42,saved_int8_minmax_8,saved_fp32_32,auc,-0.0016162849743136531,-0.006063747443800257,0.0023337922334431974,2000
dermamnist,42,saved_int8_minmax_8,saved_fp32_32,f1_macro,-0.003888573178469912,-0.026084543085674462,0.021694695285559045,2000
dermamnist,123,saved_int8_minmax_8,saved_fp32_32,acc,-0.0029925187032419087,-0.010972568578553554,0.004987531172069848,2000
dermamnist,123,saved_int8_minmax_8,saved_fp32_32,auc,0.00035930222045577054,-0.002702192210200735,0.003698473713305747,2000
dermamnist,123,saved_int8_minmax_8,saved_fp32_32,f1_macro,-0.002568403882666437,-0.017655976666687757,0.01370660587459666,2000
dermamnist,456,saved_int8_minmax_8,saved_fp32_32,acc,-0.009476309226932655,-0.01795511221945134,-0.0014962593516208988,2000
dermamnist,456,saved_int8_minmax_8,saved_fp32_32,auc,0.0001255301811309284,-0.003771362609732587,0.0053436472237173025,2000
dermamnist,456,saved_int8_minmax_8,saved_fp32_32,f1_macro,-0.008445553349428092,-0.025871320253656082,0.011656917021374929,2000
dermamnist,mean_of_3,saved_int8_minmax_8,saved_fp32_32,acc,-0.003158769742310885,-0.007813798836242706,0.0016625103906899492,2000
dermamnist,mean_of_3,saved_int8_minmax_8,saved_fp32_32,auc,-0.0003771508575756514,-0.002686581212876496,0.0021849593025513397,2000
dermamnist,mean_of_3,saved_int8_minmax_8,saved_fp32_32,f1_macro,-0.004967510136854814,-0.01620702915862199,0.00741059116110931,2000
dermamnist,42,saved_fp16_16,saved_fp32_32,acc,-0.0004987531172070403,-0.0029925187032418003,0.0014962593516210099,2000
dermamnist,42,saved_fp16_16,saved_fp32_32,auc,0.00012485870471024008,-5.5045929138672345e-05,0.0003014184152139443,2000
dermamnist,42,saved_fp16_16,saved_fp32_32,f1_macro,-0.0009452757323055172,-0.005606334547141068,0.0035493231754579395,2000
dermamnist,123,saved_fp16_16,saved_fp32_32,acc,0.0,-0.0024937655860348684,0.0024937655860348684,2000
dermamnist,123,saved_fp16_16,saved_fp32_32,auc,-0.00013147348527198233,-0.0005841242286875852,0.00028326377977507797,2000
dermamnist,123,saved_fp16_16,saved_fp32_32,f1_macro,0.004391192142205513,-0.0016125098927930375,0.013858129324269535,2000
dermamnist,456,saved_fp16_16,saved_fp32_32,acc,-0.001995012468827828,-0.003990024937655878,-0.0004987531172069293,2000
dermamnist,456,saved_fp16_16,saved_fp32_32,auc,-5.070679172924919e-05,-0.00022243694744775167,0.00011275527581348074,2000
dermamnist,456,saved_fp16_16,saved_fp32_32,f1_macro,-0.0008664669726827778,-0.001756472603727821,-0.00019996511464173418,2000
dermamnist,mean_of_3,saved_fp16_16,saved_fp32_32,acc,-0.0008312551953449562,-0.001995012468827976,0.0003325020781379908,2000
dermamnist,mean_of_3,saved_fp16_16,saved_fp32_32,auc,-1.9107190763663812e-05,-0.0001817975254199892,0.0001340414458000566,2000
dermamnist,mean_of_3,saved_fp16_16,saved_fp32_32,f1_macro,0.0008598164790724061,-0.0018001241195383744,0.004333624549919713,2000
pathmnist,42,saved_rotated_normal_codebook_4,saved_uniform_full_4,acc,-0.43022284122562676,-0.43885793871866297,-0.42144846796657387,2000
pathmnist,42,saved_rotated_normal_codebook_4,saved_uniform_full_4,auc,-0.11559212547159448,-0.12009760106119315,-0.11124913621350548,2000
pathmnist,42,saved_rotated_normal_codebook_4,saved_uniform_full_4,f1_macro,-0.42692179473229624,-0.43685460822688005,-0.416727791477857,2000
pathmnist,123,saved_rotated_normal_codebook_4,saved_uniform_full_4,acc,-0.38259052924791087,-0.39290041782729807,-0.3721448467966574,2000
pathmnist,123,saved_rotated_normal_codebook_4,saved_uniform_full_4,auc,-0.13259805008415215,-0.1413018273650312,-0.12418305080101924,2000
pathmnist,123,saved_rotated_normal_codebook_4,saved_uniform_full_4,f1_macro,-0.36664156184793756,-0.37877238465955376,-0.3555936833851808,2000
pathmnist,456,saved_rotated_normal_codebook_4,saved_uniform_full_4,acc,-0.18133704735376047,-0.19136490250696378,-0.17116643454038996,2000
pathmnist,456,saved_rotated_normal_codebook_4,saved_uniform_full_4,auc,0.047553164785451574,0.03999156652705404,0.05541235219076313,2000
pathmnist,456,saved_rotated_normal_codebook_4,saved_uniform_full_4,f1_macro,-0.2594693300828262,-0.2691411932950052,-0.24900720345764557,2000
pathmnist,mean_of_3,saved_rotated_normal_codebook_4,saved_uniform_full_4,acc,-0.33138347260909934,-0.33769846796657377,-0.32492920148560817,2000
pathmnist,mean_of_3,saved_rotated_normal_codebook_4,saved_uniform_full_4,auc,-0.06687900359009835,-0.0716205507725663,-0.06232511947207632,2000
pathmnist,mean_of_3,saved_rotated_normal_codebook_4,saved_uniform_full_4,f1_macro,-0.35101089555435333,-0.35756406881754593,-0.34425475589418647,2000
pathmnist,42,saved_rotated_normal_codebook_4,saved_rotated_uniform_4,acc,-0.3743732590529248,-0.38384401114206124,-0.3651775766016713,2000
pathmnist,42,saved_rotated_normal_codebook_4,saved_rotated_uniform_4,auc,-0.11145516384181098,-0.11611506029892893,-0.10664320528450652,2000
pathmnist,42,saved_rotated_normal_codebook_4,saved_rotated_uniform_4,f1_macro,-0.39963374940987045,-0.4112580235447426,-0.3880244078653781,2000
pathmnist,123,saved_rotated_normal_codebook_4,saved_rotated_uniform_4,acc,-0.6096100278551532,-0.6185236768802228,-0.6011107242339833,2000
pathmnist,123,saved_rotated_normal_codebook_4,saved_rotated_uniform_4,auc,-0.24162303426159792,-0.24802351921016894,-0.23505802618147564,2000
pathmnist,123,saved_rotated_normal_codebook_4,saved_rotated_uniform_4,f1_macro,-0.5651472829095623,-0.5762924139856612,-0.5547215633155772,2000
pathmnist,456,saved_rotated_normal_codebook_4,saved_rotated_uniform_4,acc,-0.20821727019498606,-0.21810933147632314,-0.19805013927576604,2000
pathmnist,456,saved_rotated_normal_codebook_4,saved_rotated_uniform_4,auc,-0.05572901079220993,-0.06118873897761101,-0.04986706343450499,2000
pathmnist,456,saved_rotated_normal_codebook_4,saved_rotated_uniform_4,f1_macro,-0.24056017329713256,-0.24993794021412413,-0.23132344723943285,2000
pathmnist,mean_of_3,saved_rotated_normal_codebook_4,saved_rotated_uniform_4,acc,-0.39740018570102137,-0.4030640668523677,-0.3918291550603528,2000
pathmnist,mean_of_3,saved_rotated_normal_codebook_4,saved_rotated_uniform_4,auc,-0.13626906963187294,-0.13990696954292905,-0.13256153058185946,2000
pathmnist,mean_of_3,saved_rotated_normal_codebook_4,saved_rotated_uniform_4,f1_macro,-0.40178040187218844,-0.40813060458243916,-0.3954917519400695,2000
pathmnist,42,saved_rotated_normal_codebook_4,saved_normal_codebook_4,acc,0.033983286908077975,0.028830083565459602,0.03886142061281337,2000
pathmnist,42,saved_rotated_normal_codebook_4,saved_normal_codebook_4,auc,0.02818566502304254,0.02381219928714356,0.032803591562708775,2000
pathmnist,42,saved_rotated_normal_codebook_4,saved_normal_codebook_4,f1_macro,0.03391833116479989,0.02724862595314834,0.04019225620414404,2000
pathmnist,123,saved_rotated_normal_codebook_4,saved_normal_codebook_4,acc,0.003203342618384404,0.0015320334261838403,0.0050139275766016705,2000
pathmnist,123,saved_rotated_normal_codebook_4,saved_normal_codebook_4,auc,0.0022388998976172747,-0.003066907450355491,0.007179593845237764,2000
pathmnist,123,saved_rotated_normal_codebook_4,saved_normal_codebook_4,f1_macro,0.008525488408808776,0.005047074421835129,0.012123692270241156,2000
pathmnist,456,saved_rotated_normal_codebook_4,saved_normal_codebook_4,acc,0.009749303621169908,0.007242339832869093,0.01225626740947075,2000
pathmnist,456,saved_rotated_normal_codebook_4,saved_normal_codebook_4,auc,0.007386587087247265,0.003971741794871022,0.01066873698858409,2000
pathmnist,456,saved_rotated_normal_codebook_4,saved_normal_codebook_4,f1_macro,0.003476651583535495,0.001131126370219683,0.005711196679395729,2000
pathmnist,mean_of_3,saved_rotated_normal_codebook_4,saved_normal_codebook_4,acc,0.015645311049210762,0.013649025069637881,0.017595171773444742,2000
pathmnist,mean_of_3,saved_rotated_normal_codebook_4,saved_normal_codebook_4,auc,0.012603717335969026,0.010063626947659724,0.01514396308907369,2000
pathmnist,mean_of_3,saved_rotated_normal_codebook_4,saved_normal_codebook_4,f1_macro,0.015306823719048054,0.012755167544851924,0.017967782384786718,2000
pathmnist,42,dfq_cle_bc_4,saved_uniform_full_4,acc,0.029944289693593307,0.01991295264623952,0.04039345403899725,2000
pathmnist,42,dfq_cle_bc_4,saved_uniform_full_4,auc,0.032956723330059945,0.030280652298105285,0.03552613556293904,2000
pathmnist,42,dfq_cle_bc_4,saved_uniform_full_4,f1_macro,0.09151270178011317,0.07991530515293321,0.10352689780996267,2000
pathmnist,123,dfq_cle_bc_4,saved_uniform_full_4,acc,0.1678272980501393,0.15640320334261834,0.1785515320334261,2000
pathmnist,123,dfq_cle_bc_4,saved_uniform_full_4,auc,0.10740902214430303,0.10196545336594559,0.11269571854236111,2000
pathmnist,123,dfq_cle_bc_4,saved_uniform_full_4,f1_macro,0.14492433054945425,0.13259330374775927,0.15669116170891118,2000
pathmnist,456,dfq_cle_bc_4,saved_uniform_full_4,acc,0.17674094707520893,0.16434540389972147,0.18857938718662953,2000
pathmnist,456,dfq_cle_bc_4,saved_uniform_full_4,auc,0.14622164657288206,0.13999016343555068,0.1525195464799417,2000
pathmnist,456,dfq_cle_bc_4,saved_uniform_full_4,f1_macro,0.1633524255529537,0.15021627228763706,0.1758982601195282,2000
pathmnist,mean_of_3,dfq_cle_bc_4,saved_uniform_full_4,acc,0.12483751160631384,0.11792014856081712,0.13184772516248838,2000
pathmnist,mean_of_3,dfq_cle_bc_4,saved_uniform_full_4,auc,0.09552913068241502,0.09244866302643871,0.09863757015636138,2000
pathmnist,mean_of_3,dfq_cle_bc_4,saved_uniform_full_4,f1_macro,0.13326315262750704,0.12578563307085378,0.14092326664959173,2000
pathmnist,42,dfq_cle_bc_4,folded_uniform_4,acc,0.029247910863509752,0.019220055710306383,0.03983286908077999,2000
pathmnist,42,dfq_cle_bc_4,folded_uniform_4,auc,0.03249348663701768,0.029811309667123538,0.035043189453106985,2000
pathmnist,42,dfq_cle_bc_4,folded_uniform_4,f1_macro,0.09060921624294827,0.07915130872961675,0.10260338770897812,2000
pathmnist,123,dfq_cle_bc_4,folded_uniform_4,acc,0.1678272980501393,0.15654596100278556,0.1785550139275766,2000
pathmnist,123,dfq_cle_bc_4,folded_uniform_4,auc,0.10706290899609705,0.10164550382983255,0.11235783405884502,2000
pathmnist,123,dfq_cle_bc_4,folded_uniform_4,f1_macro,0.14434126183813678,0.1319829233658534,0.15628846764732676,2000
pathmnist,456,dfq_cle_bc_4,folded_uniform_4,acc,0.17339832869080785,0.1605849582172702,0.1850974930362117,2000
pathmnist,456,dfq_cle_bc_4,folded_uniform_4,auc,0.14457734319223703,0.13846394702678871,0.15093721807239135,2000
pathmnist,456,dfq_cle_bc_4,folded_uniform_4,f1_macro,0.16136949565762299,0.14850844403886226,0.1735737579712662,2000
pathmnist,mean_of_3,dfq_cle_bc_4,folded_uniform_4,acc,0.12349117920148563,0.11643454038997213,0.1303632776230269,2000
pathmnist,mean_of_3,dfq_cle_bc_4,folded_uniform_4,auc,0.09471124627511725,0.09164370393262165,0.09783162043241837,2000
pathmnist,mean_of_3,dfq_cle_bc_4,folded_uniform_4,f1_macro,0.1321066579129027,0.12424395631527181,0.13973730800289602,2000
pathmnist,42,saved_int8_minmax_8,saved_fp32_32,acc,-0.003899721448467952,-0.0069637883008356605,-0.0008356545961002437,2000
pathmnist,42,saved_int8_minmax_8,saved_fp32_32,auc,-0.00015673367444024588,-0.0003441592055855147,1.4182324091335755e-05,2000
pathmnist,42,saved_int8_minmax_8,saved_fp32_32,f1_macro,-0.0015402498083493255,-0.005399088055114382,0.002286751870028325,2000
pathmnist,123,saved_int8_minmax_8,saved_fp32_32,acc,0.001253481894150421,-0.0011142061281336213,0.0036211699164344635,2000
pathmnist,123,saved_int8_minmax_8,saved_fp32_32,auc,-0.0009486802650976456,-0.0011693156780883368,-0.0007432880108266621,2000
pathmnist,123,saved_int8_minmax_8,saved_fp32_32,f1_macro,0.0008689547171538692,-0.001940574036406531,0.00366367671241392,2000
pathmnist,456,saved_int8_minmax_8,saved_fp32_32,acc,-0.005849582172702039,-0.00849582172701957,-0.0030640668523677084,2000
pathmnist,456,saved_int8_minmax_8,saved_fp32_32,auc,-0.0006982482302606563,-0.0008843585190697556,-0.0005118855821331175,2000
pathmnist,456,saved_int8_minmax_8,saved_fp32_32,f1_macro,-0.00885518032888799,-0.01282273880963165,-0.004959179456485939,2000
pathmnist,mean_of_3,saved_int8_minmax_8,saved_fp32_32,acc,-0.00283194057567319,-0.004410399257195886,-0.0012999071494892804,2000
pathmnist,mean_of_3,saved_int8_minmax_8,saved_fp32_32,auc,-0.0006012207232661826,-0.0007024720522529448,-0.0005057596302344853,2000
pathmnist,mean_of_3,saved_int8_minmax_8,saved_fp32_32,f1_macro,-0.0031754918066944824,-0.005299022634385112,-0.001108889984546862,2000
pathmnist,42,saved_fp16_16,saved_fp32_32,acc,-0.0011142061281337323,-0.0022284122562673536,-0.00013927576601668878,2000
pathmnist,42,saved_fp16_16,saved_fp32_32,auc,-0.00011326902548758344,-0.00013281393024882905,-9.320105310299255e-05,2000
pathmnist,42,saved_fp16_16,saved_fp32_32,f1_macro,-0.001314254887064159,-0.002953006929700511,0.00010438400477126815,2000
pathmnist,123,saved_fp16_16,saved_fp32_32,acc,0.0,-0.0008356545961002437,0.0008356545961002437,2000
pathmnist,123,saved_fp16_16,saved_fp32_32,auc,2.2432717674436553e-05,8.127112627315247e-06,3.687400403715456e-05,2000
pathmnist,123,saved_fp16_16,saved_fp32_32,f1_macro,-5.5720567825545686e-05,-0.0013350625430629925,0.0012214847441962406,2000
pathmnist,456,saved_fp16_16,saved_fp32_32,acc,0.00041782729805006635,-0.00041782729805006635,0.001253481894150421,2000
pathmnist,456,saved_fp16_16,saved_fp32_32,auc,2.459650802466573e-05,8.738849523540205e-06,4.1298767339531525e-05,2000
pathmnist,456,saved_fp16_16,saved_fp32_32,f1_macro,0.0009432134416286209,-0.00015913638464312984,0.0021947415057280207,2000
pathmnist,mean_of_3,saved_fp16_16,saved_fp32_32,acc,-0.00023212627669455532,-0.0007428040854224142,0.0002785515320334146,2000
pathmnist,mean_of_3,saved_fp16_16,saved_fp32_32,auc,-2.207993326282705e-05,-3.043893540953524e-05,-1.3768700311125882e-05,2000
pathmnist,mean_of_3,saved_fp16_16,saved_fp32_32,f1_macro,-0.0001422540044203613,-0.0008874170085472976,0.0006071507515898271,2000
pneumoniamnist,42,saved_rotated_normal_codebook_4,saved_uniform_full_4,acc,-0.08333333333333337,-0.10737179487179493,-0.05769230769230771,2000
pneumoniamnist,42,saved_rotated_normal_codebook_4,saved_uniform_full_4,auc,0.07370699101468325,0.03167872014025863,0.11499150777996932,2000
pneumoniamnist,42,saved_rotated_normal_codebook_4,saved_uniform_full_4,f1_macro,-0.21519362457864105,-0.25560340976607215,-0.1722411212615285,2000
pneumoniamnist,123,saved_rotated_normal_codebook_4,saved_uniform_full_4,acc,0.014423076923076872,-0.022435897435897467,0.0529246794871793,2000
pneumoniamnist,123,saved_rotated_normal_codebook_4,saved_uniform_full_4,auc,0.014803857111549412,-0.04788598509752356,0.07576128643436332,2000
pneumoniamnist,123,saved_rotated_normal_codebook_4,saved_uniform_full_4,f1_macro,-0.21021904291509647,-0.24820607043796708,-0.17049018856659887,2000
pneumoniamnist,456,saved_rotated_normal_codebook_4,saved_uniform_full_4,acc,-0.028846153846153855,-0.04166666666666663,-0.01602564102564108,2000
pneumoniamnist,456,saved_rotated_normal_codebook_4,saved_uniform_full_4,auc,0.23024873986412442,0.17885272846811304,0.2819488275257506,2000
pneumoniamnist,456,saved_rotated_normal_codebook_4,saved_uniform_full_4,f1_macro,-0.08153585352210174,-0.11396966936218583,-0.048323615433298495,2000
pneumoniamnist,mean_of_3,saved_rotated_normal_codebook_4,saved_uniform_full_4,acc,-0.032585470085470115,-0.05021367521367522,-0.014957264957264979,2000
pneumoniamnist,mean_of_3,saved_rotated_normal_codebook_4,saved_uniform_full_4,auc,0.10625319599678569,0.07145773979107316,0.13898047702534883,2000
pneumoniamnist,mean_of_3,saved_rotated_normal_codebook_4,saved_uniform_full_4,f1_macro,-0.1689828403386131,-0.1946169214735064,-0.14349027359945504,2000
pneumoniamnist,42,saved_rotated_normal_codebook_4,saved_rotated_uniform_4,acc,-0.07532051282051289,-0.09935897435897434,-0.05288461538461542,2000
pneumoniamnist,42,saved_rotated_normal_codebook_4,saved_rotated_uniform_4,auc,0.07499999999999996,0.0346005917159764,0.11648600153407847,2000
pneumoniamnist,42,saved_rotated_normal_codebook_4,saved_rotated_uniform_4,f1_macro,-0.1882184470512545,-0.23337374450100276,-0.14136390091612766,2000
pneumoniamnist,123,saved_rotated_normal_codebook_4,saved_rotated_uniform_4,acc,-0.1907051282051282,-0.21634615384615385,-0.16506410256410253,2000
pneumoniamnist,123,saved_rotated_normal_codebook_4,saved_rotated_uniform_4,auc,-0.23474687705456942,-0.28492439184746876,-0.1858204580319965,2000
pneumoniamnist,123,saved_rotated_normal_codebook_4,saved_rotated_uniform_4,f1_macro,-0.40002299332985664,-0.4330236042490686,-0.36566353849885264,2000
pneumoniamnist,456,saved_rotated_normal_codebook_4,saved_rotated_uniform_4,acc,-0.1233974358974359,-0.14743589743589747,-0.10256410256410253,2000
pneumoniamnist,456,saved_rotated_normal_codebook_4,saved_rotated_uniform_4,auc,0.00943458251150553,-0.02153202388779312,0.044506355467893874,2000
pneumoniamnist,456,saved_rotated_normal_codebook_4,saved_rotated_uniform_4,f1_macro,-0.28062867408855,-0.32058669674947965,-0.24104634836198396,2000
pneumoniamnist,mean_of_3,saved_rotated_normal_codebook_4,saved_rotated_uniform_4,acc,-0.12980769230769232,-0.14743589743589744,-0.11217948717948716,2000
pneumoniamnist,mean_of_3,saved_rotated_normal_codebook_4,saved_rotated_uniform_4,auc,-0.050104098181021316,-0.07575735992402662,-0.02326726751406242,2000
pneumoniamnist,mean_of_3,saved_rotated_normal_codebook_4,saved_rotated_uniform_4,f1_macro,-0.28962337148988704,-0.3182099734410051,-0.2590439669964558,2000
pneumoniamnist,42,saved_rotated_normal_codebook_4,saved_normal_codebook_4,acc,0.009615384615384581,0.0032051282051281937,0.017628205128205177,2000
pneumoniamnist,42,saved_rotated_normal_codebook_4,saved_normal_codebook_4,auc,0.21165899627438078,0.16476838154722764,0.2582377273723428,2000
pneumoniamnist,42,saved_rotated_normal_codebook_4,saved_normal_codebook_4,f1_macro,0.027289377289377303,0.009234685726948022,0.049116074069784355,2000
pneumoniamnist,123,saved_rotated_normal_codebook_4,saved_normal_codebook_4,acc,0.0,0.0,0.0,2000
pneumoniamnist,123,saved_rotated_normal_codebook_4,saved_normal_codebook_4,auc,0.04470742932281391,-0.00912338373876836,0.10020052596975666,2000
pneumoniamnist,123,saved_rotated_normal_codebook_4,saved_normal_codebook_4,f1_macro,0.0,0.0,0.0,2000
pneumoniamnist,456,saved_rotated_normal_codebook_4,saved_normal_codebook_4,acc,0.0,0.0,0.0,2000
pneumoniamnist,456,saved_rotated_normal_codebook_4,saved_normal_codebook_4,auc,0.05070129300898529,0.02313979289940829,0.08235015340784572,2000
pneumoniamnist,456,saved_rotated_normal_codebook_4,saved_normal_codebook_4,f1_macro,0.0,0.0,0.0,2000
pneumoniamnist,mean_of_3,saved_rotated_normal_codebook_4,saved_normal_codebook_4,acc,0.0032051282051281937,0.0010683760683760646,0.0058760683760683925,2000
pneumoniamnist,mean_of_3,saved_rotated_normal_codebook_4,saved_normal_codebook_4,auc,0.10235590620205999,0.07775558842866531,0.12668031813865147,2000
pneumoniamnist,mean_of_3,saved_rotated_normal_codebook_4,saved_normal_codebook_4,f1_macro,0.0090964590964591,0.003078228575649341,0.016372024689928117,2000
pneumoniamnist,42,dfq_cle_bc_4,saved_uniform_full_4,acc,-0.054487179487179516,-0.08173076923076927,-0.027243589743589758,2000
pneumoniamnist,42,dfq_cle_bc_4,saved_uniform_full_4,auc,-0.05859631821170286,-0.10352906530791149,-0.011837743808897721,2000
pneumoniamnist,42,dfq_cle_bc_4,saved_uniform_full_4,f1_macro,-0.12070976546122358,-0.16830730213326822,-0.07202801301886314,2000
pneumoniamnist,123,dfq_cle_bc_4,saved_uniform_full_4,acc,0.10096153846153844,0.05288461538461542,0.15064102564102555,2000
pneumoniamnist,123,dfq_cle_bc_4,saved_uniform_full_4,auc,0.19937541091387245,0.1459201731317116,0.2541874863028709,2000
pneumoniamnist,123,dfq_cle_bc_4,saved_uniform_full_4,f1_macro,0.11258938075292602,0.06428909949459191,0.16112965240547508,2000
pneumoniamnist,456,dfq_cle_bc_4,saved_uniform_full_4,acc,0.022435897435897467,0.0064102564102563875,0.040104166666666524,2000
pneumoniamnist,456,dfq_cle_bc_4,saved_uniform_full_4,auc,0.002010738549200086,-0.047246192198115274,0.047755177514792885,2000
pneumoniamnist,456,dfq_cle_bc_4,saved_uniform_full_4,f1_macro,0.05392186573092661,0.01444616790783777,0.09551995194500502,2000
pneumoniamnist,mean_of_3,dfq_cle_bc_4,saved_uniform_full_4,acc,0.02297008547008546,0.003739316239316226,0.0422008547008547,2000
pneumoniamnist,mean_of_3,dfq_cle_bc_4,saved_uniform_full_4,auc,0.04759661041712323,0.017902923880487982,0.07595359412667103,2000
pneumoniamnist,mean_of_3,dfq_cle_bc_4,saved_uniform_full_4,f1_macro,0.015267160340876348,-0.010579584981587526,0.04183135533044951,2000
pneumoniamnist,42,dfq_cle_bc_4,folded_uniform_4,acc,-0.05608974358974361,-0.08333333333333337,-0.028846153846153855,2000
pneumoniamnist,42,dfq_cle_bc_4,folded_uniform_4,auc,-0.05983453868069255,-0.104653325662941,-0.012725043830813116,2000
pneumoniamnist,42,dfq_cle_bc_4,folded_uniform_4,f1_macro,-0.12360117997874565,-0.17036369859726352,-0.07519713412741443,2000
pneumoniamnist,123,dfq_cle_bc_4,folded_uniform_4,acc,0.10737179487179493,0.0608573717948718,0.15548878205128183,2000
pneumoniamnist,123,dfq_cle_bc_4,folded_uniform_4,auc,0.20008766162612313,0.1464746329169406,0.2546603111987727,2000
pneumoniamnist,123,dfq_cle_bc_4,folded_uniform_4,f1_macro,0.11819629872222215,0.0705538536793287,0.16668559497645757,2000
pneumoniamnist,456,dfq_cle_bc_4,folded_uniform_4,acc,0.019230769230769273,0.0016025641025640969,0.038461538461538436,2000
pneumoniamnist,456,dfq_cle_bc_4,folded_uniform_4,auc,0.0006738987508217997,-0.047697923515231264,0.04658845605960983,2000
pneumoniamnist,456,dfq_cle_bc_4,folded_uniform_4,f1_macro,0.04590475709421943,0.004871780541516063,0.08958039824150626,2000
pneumoniamnist,mean_of_3,dfq_cle_bc_4,folded_uniform_4,acc,0.023504273504273532,0.004794337606837591,0.043269230769230727,2000
pneumoniamnist,mean_of_3,dfq_cle_bc_4,folded_uniform_4,auc,0.04697567389875079,0.017506620279056154,0.07566399116078602,2000
pneumoniamnist,mean_of_3,dfq_cle_bc_4,folded_uniform_4,f1_macro,0.01349995861256531,-0.013235161170887855,0.040166694612371545,2000
pneumoniamnist,42,saved_int8_minmax_8,saved_fp32_32,acc,0.011217948717948789,-0.0016025641025640997,0.02564102564102566,2000
pneumoniamnist,42,saved_int8_minmax_8,saved_fp32_32,auc,0.004728248959018133,-0.002992959675651974,0.013157462195923763,2000
pneumoniamnist,42,saved_int8_minmax_8,saved_fp32_32,f1_macro,0.017259743497501145,-0.0015866747835470124,0.03734652715156378,2000
pneumoniamnist,123,saved_int8_minmax_8,saved_fp32_32,acc,-0.01602564102564097,-0.028846153846153855,-0.0032051282051281937,2000
pneumoniamnist,123,saved_int8_minmax_8,saved_fp32_32,auc,-0.0011834319526626835,-0.006097961867192692,0.00380314486083715,2000
pneumoniamnist,123,saved_int8_minmax_8,saved_fp32_32,f1_macro,-0.020281135138223938,-0.03680723130566088,-0.004041677221687872,2000
pneumoniamnist,456,saved_int8_minmax_8,saved_fp32_32,acc,-0.004807692307692291,-0.019230769230769166,0.009615384615384581,2000
pneumoniamnist,456,saved_int8_minmax_8,saved_fp32_32,auc,0.0017148805610344153,-0.004329114617576171,0.007331251369712938,2000
pneumoniamnist,456,saved_int8_minmax_8,saved_fp32_32,f1_macro,-0.006064786499264008,-0.02527394571069678,0.012818153656691093,2000
pneumoniamnist,mean_of_3,saved_int8_minmax_8,saved_fp32_32,acc,-0.003205128205128157,-0.011217948717948715,0.004807692307692253,2000
pneumoniamnist,mean_of_3,saved_int8_minmax_8,saved_fp32_32,auc,0.0017532325224632883,-0.0015822010373292377,0.00552656329899921,2000
pneumoniamnist,mean_of_3,saved_int8_minmax_8,saved_fp32_32,f1_macro,-0.0030287260466622667,-0.013439196287381305,0.007353735826747,2000
pneumoniamnist,42,saved_fp16_16,saved_fp32_32,acc,-0.0016025641025640969,-0.008012820512820595,0.004807692307692291,2000
pneumoniamnist,42,saved_fp16_16,saved_fp32_32,auc,6.026736795960996e-05,-0.0005259697567389116,0.0006465044926583507,2000
pneumoniamnist,42,saved_fp16_16,saved_fp32_32,f1_macro,-0.0015928220521030934,-0.010898746461683578,0.0073070775185526005,2000
pneumoniamnist,123,saved_fp16_16,saved_fp32_32,acc,0.0,0.0,0.0,2000
pneumoniamnist,123,saved_fp16_16,saved_fp32_32,auc,0.00014245014245017895,-0.0006300679377602147,0.0009698937102783959,2000
pneumoniamnist,123,saved_fp16_16,saved_fp32_32,f1_macro,0.0,0.0,0.0,2000
pneumoniamnist,456,saved_fp16_16,saved_fp32_32,acc,0.0,0.0,0.0,2000
pneumoniamnist,456,saved_fp16_16,saved_fp32_32,auc,0.00035612535612528085,-0.0002575060267367979,0.0010794707429323056,2000
pneumoniamnist,456,saved_fp16_16,saved_fp32_32,f1_macro,0.0,0.0,0.0,2000
pneumoniamnist,mean_of_3,saved_fp16_16,saved_fp32_32,acc,-0.0005341880341880323,-0.0026709401709401983,0.0016025641025640969,2000
pneumoniamnist,mean_of_3,saved_fp16_16,saved_fp32_32,auc,0.0001862809555116899,-0.00021006830301704691,0.0006063719044488452,2000
pneumoniamnist,mean_of_3,saved_fp16_16,saved_fp32_32,f1_macro,-0.0005309406840343645,-0.003632915487227859,0.0024356925061842,2000
