key_archive,dataset,model_seed,method,bits,packed_bytes_archive,packed_sha256_archive,prediction_sha256_archive,checkpoint_sha256_archive,test_sha256_archive,acc_archive,auc_archive,f1_macro_archive,key_saved,packed_bytes_saved,packed_sha256_saved,prediction_sha256_saved,checkpoint_sha256_saved,test_sha256_saved,acc_saved,auc_saved,f1_macro_saved,acc_delta,auc_delta,f1_macro_delta
bloodmnist_123_archive_fp32_32,bloodmnist,123,fp32,32,0,,3fc2652645755c9788ca1c3c2a84641a24a7a9f2df4268040c298312c5772062,a2eb1735919b91cca90a8b2da61d6f16842bce86af0e7223f596602dbcf2ecf2,9aca213147ae7ac95958624f99fd21ed918d86f006f2fcaf0de289bf2d174774,0.9693072201110786,0.9985268913618042,0.9686100747357658,bloodmnist_123_saved_fp32_32,6183965,7b952198d8d3d43dbb1607b1dadfd2db57cfc820441a6c40dd706cc25505ddfd,3fc2652645755c9788ca1c3c2a84641a24a7a9f2df4268040c298312c5772062,a2eb1735919b91cca90a8b2da61d6f16842bce86af0e7223f596602dbcf2ecf2,9aca213147ae7ac95958624f99fd21ed918d86f006f2fcaf0de289bf2d174774,0.9693072201110786,0.9985268913618042,0.9686100747357658,0.0,0.0,0.0
bloodmnist_123_archive_fp16_16,bloodmnist,123,fp16,16,0,,4cc6befe9292ea278310f96f7d07fc7389a804cfee254a6e08a5e1aca32bf7b1,a2eb1735919b91cca90a8b2da61d6f16842bce86af0e7223f596602dbcf2ecf2,9aca213147ae7ac95958624f99fd21ed918d86f006f2fcaf0de289bf2d174774,0.9693072201110786,0.9985288608086764,0.9686100747357658,bloodmnist_123_saved_fp16_16,3131772,33c9a0d9f9ec6ad634631dd9566b9b3a25bcde28e12af90c84623c1062f8ac0a,8c7d96a1075b82b64e99ec3dc783e68187afe5adc2254ace000f620d6c5ffc33,a2eb1735919b91cca90a8b2da61d6f16842bce86af0e7223f596602dbcf2ecf2,9aca213147ae7ac95958624f99fd21ed918d86f006f2fcaf0de289bf2d174774,0.9693072201110786,0.9985288236228116,0.9686100747357658,0.0,-3.718586483181241e-08,0.0
bloodmnist_123_archive_int8_minmax_8,bloodmnist,123,int8_minmax,8,0,,d2d17ac98d87ce06be6ea4e557c08416928a8f53102e7a53a30b8e0ce6f22048,a2eb1735919b91cca90a8b2da61d6f16842bce86af0e7223f596602dbcf2ecf2,9aca213147ae7ac95958624f99fd21ed918d86f006f2fcaf0de289bf2d174774,0.968722595732242,0.9984182317697164,0.9677014965630824,bloodmnist_123_saved_int8_minmax_8,1646452,a859108b4e0c12623222c322af7338ed7f70945929cb26c7cb9079e1b6939d07,5ba7c660afcad3c40c7b6ff9bc4cddd0785b98d20c4286f628257c51e62a07d2,a2eb1735919b91cca90a8b2da61d6f16842bce86af0e7223f596602dbcf2ecf2,9aca213147ae7ac95958624f99fd21ed918d86f006f2fcaf0de289bf2d174774,0.9684302835428238,0.9984197715765986,0.9672416365900168,-0.0002923121894181646,1.5398068821115274e-06,-0.00045985997306552395
bloodmnist_123_archive_uniform_full_2,bloodmnist,123,uniform_full,2,0,,4973c64a40f05529b89105abe7cd25be1cc1fcc71999b6e6b61cffcb790ccb3e,a2eb1735919b91cca90a8b2da61d6f16842bce86af0e7223f596602dbcf2ecf2,9aca213147ae7ac95958624f99fd21ed918d86f006f2fcaf0de289bf2d174774,0.1680795089155217,0.5011899691391284,0.10285396257454,bloodmnist_123_saved_uniform_full_2,520693,49e7e09c137a3e3e2bf6d2993700c32d7944c0de851416906bfc8e1b8263fadd,5403eca526837842c646dc520599974603b57f0c485c51a064174fd7edcd3def,a2eb1735919b91cca90a8b2da61d6f16842bce86af0e7223f596602dbcf2ecf2,9aca213147ae7ac95958624f99fd21ed918d86f006f2fcaf0de289bf2d174774,0.1657410114001754,0.4995287395030108,0.1001355441089956,-0.002338497515346316,-0.0016612296361175893,-0.002718418465544409
bloodmnist_123_archive_rotated_normal_codebook_2,bloodmnist,123,rotated_normal_codebook,2,0,,173726b09a2f0f40f2a0da4644436654a37c34f0488674df78d1eb71f60fdd9f,a2eb1735919b91cca90a8b2da61d6f16842bce86af0e7223f596602dbcf2ecf2,9aca213147ae7ac95958624f99fd21ed918d86f006f2fcaf0de289bf2d174774,0.0713241742180648,0.4288768402976889,0.016643929058663,bloodmnist_123_saved_rotated_normal_codebook_2,521629,c506629f6bbacd1b1fe2b469f49a0804cd72cbee036884ebefab1639d64bba23,ec8411a72f3bfd2f399c36b004ff88deb7ae6f2e3078e7af760521424b98307e,a2eb1735919b91cca90a8b2da61d6f16842bce86af0e7223f596602dbcf2ecf2,9aca213147ae7ac95958624f99fd21ed918d86f006f2fcaf0de289bf2d174774,0.0713241742180648,0.4294637183476158,0.016643929058663,0.0,0.0005868780499269088,0.0
bloodmnist_123_archive_uniform_full_3,bloodmnist,123,uniform_full,3,0,,d3e74bc9f1d41a66525bd43b0546b19966c159281268a09582f0ec5c6ba475f1,a2eb1735919b91cca90a8b2da61d6f16842bce86af0e7223f596602dbcf2ecf2,9aca213147ae7ac95958624f99fd21ed918d86f006f2fcaf0de289bf2d174774,0.1917567962584039,0.5255704566856363,0.1150387487100145,bloodmnist_123_saved_uniform_full_3,708360,b64f2ef2598cbf341183d5dfe13ce5dec64c4a1c403d46612ad57ea787c5a750,185df41aa9f1aaeec604c57baff76831564383c82e7fabef16233a361ebf9b17,a2eb1735919b91cca90a8b2da61d6f16842bce86af0e7223f596602dbcf2ecf2,9aca213147ae7ac95958624f99fd21ed918d86f006f2fcaf0de289bf2d174774,0.1876644256065477,0.5237962840222556,0.1121931842383152,-0.004092370651856192,-0.0017741726633806465,-0.0028455644716992995
bloodmnist_123_archive_rotated_normal_codebook_3,bloodmnist,123,rotated_normal_codebook,3,0,,ce30591f8ff10532baae82d4afb01c1d81ae77773e70fd698ae67382f76df562,a2eb1735919b91cca90a8b2da61d6f16842bce86af0e7223f596602dbcf2ecf2,9aca213147ae7ac95958624f99fd21ed918d86f006f2fcaf0de289bf2d174774,0.0713241742180648,0.5717363037633533,0.0176811594202898,bloodmnist_123_saved_rotated_normal_codebook_3,709295,34b508565dd7fd7572ec880a36cd5b18e3103af7fe8139896dca0d032ae69ad0,64ca3d810b794ebcf814497bb6a5a598888f2e2fa23d44db3ed9addff158795c,a2eb1735919b91cca90a8b2da61d6f16842bce86af0e7223f596602dbcf2ecf2,9aca213147ae7ac95958624f99fd21ed918d86f006f2fcaf0de289bf2d174774,0.0713241742180648,0.5714254588764999,0.0176453572461671,0.0,-0.00031084488685340084,-3.580217412270034e-05
bloodmnist_123_archive_uniform_full_4,bloodmnist,123,uniform_full,4,0,,937dc220ca1bc0c16a25f71f3d0b874570dbd3b477120c70ea835818406280da,a2eb1735919b91cca90a8b2da61d6f16842bce86af0e7223f596602dbcf2ecf2,9aca213147ae7ac95958624f99fd21ed918d86f006f2fcaf0de289bf2d174774,0.3341128325051155,0.751756515767185,0.2910779512498993,bloodmnist_123_saved_uniform_full_4,896032,affb36157c07e10581036a25900a852839c4b7d09e227aba763b47f20bb2a2f6,3b339f9aef97204fe55543fad1e29e82e2e4af5d7ac76e930a479c4c5b1db83b,a2eb1735919b91cca90a8b2da61d6f16842bce86af0e7223f596602dbcf2ecf2,9aca213147ae7ac95958624f99fd21ed918d86f006f2fcaf0de289bf2d174774,0.3335282081262788,0.7512151351620464,0.2903157871400617,-0.0005846243788366623,-0.0005413806051386416,-0.0007621641098376486
bloodmnist_123_archive_rotated_uniform_4,bloodmnist,123,rotated_uniform,4,0,,40bcbe606314a518abbc8681871fbe4e869b6678abd3ed75755eb7779a413b53,a2eb1735919b91cca90a8b2da61d6f16842bce86af0e7223f596602dbcf2ecf2,9aca213147ae7ac95958624f99fd21ed918d86f006f2fcaf0de289bf2d174774,0.5121309558608594,0.8516108484967863,0.4032036494144208,bloodmnist_123_saved_rotated_uniform_4,896008,0d0f32b2a983f079de39f0bbef13f59b892616919186950d95b7f2072c8a40aa,6df6808b5c0ae1fefc315c8cc9874b75ed2afdc9a54976791c6ab82da30c06c1,a2eb1735919b91cca90a8b2da61d6f16842bce86af0e7223f596602dbcf2ecf2,9aca213147ae7ac95958624f99fd21ed918d86f006f2fcaf0de289bf2d174774,0.5121309558608594,0.8515654391447716,0.402510201669363,0.0,-4.540935201469143e-05,-0.0006934477450577514
bloodmnist_123_archive_normal_codebook_4,bloodmnist,123,normal_codebook,4,0,,4145f89963a6b8f463436cb0fca747fb339bb4eadc0dd3a1d205e5b4c82541fa,a2eb1735919b91cca90a8b2da61d6f16842bce86af0e7223f596602dbcf2ecf2,9aca213147ae7ac95958624f99fd21ed918d86f006f2fcaf0de289bf2d174774,0.1362174802689272,0.5470678022329417,0.0300025753283543,bloodmnist_123_saved_normal_codebook_4,896984,5b062bfa0b33339058259bb596195d0893ecc11f679f314f5bddcd367d2d2f80,d6b8c1667ce63d965959902512fa8e362539f9c5c4807d6ebfe8ac3c7ca62e7c,a2eb1735919b91cca90a8b2da61d6f16842bce86af0e7223f596602dbcf2ecf2,9aca213147ae7ac95958624f99fd21ed918d86f006f2fcaf0de289bf2d174774,0.1362174802689272,0.5473265163094189,0.0300025753283543,0.0,0.00025871407647715117,0.0
bloodmnist_123_archive_rotated_normal_codebook_4,bloodmnist,123,rotated_normal_codebook,4,0,,06c1c9e2102451b151499bcbd777ad0b8543f607dfe91260409bea23ed8ef761,a2eb1735919b91cca90a8b2da61d6f16842bce86af0e7223f596602dbcf2ecf2,9aca213147ae7ac95958624f99fd21ed918d86f006f2fcaf0de289bf2d174774,0.2461268634902075,0.7760850515391553,0.0970531007860793,bloodmnist_123_saved_rotated_normal_codebook_4,896965,bb9e45b36e0e96221f202fb1380928a552c251b5e779400c5ce2d51711713c7f,a2c80b310b468b2329d18255b52d82b2bbfda1fb6e8e9668828993b089e5f0ca,a2eb1735919b91cca90a8b2da61d6f16842bce86af0e7223f596602dbcf2ecf2,9aca213147ae7ac95958624f99fd21ed918d86f006f2fcaf0de289bf2d174774,0.2470038000584624,0.7759852584683624,0.0974604868392062,0.0008769365682549102,-9.979307079288624e-05,0.00040738605312690135
bloodmnist_42_archive_fp32_32,bloodmnist,42,fp32,32,0,,d29d006dd4e5a4e61ef01f03fd379ad8fc1875527dc348549aa8c69d331401c2,04c75852b757e0d5f18de7b0122abca3f7c5430f886a5f45c3268849a8810a9f,9aca213147ae7ac95958624f99fd21ed918d86f006f2fcaf0de289bf2d174774,0.9693072201110786,0.9982451970807772,0.9678790855453552,bloodmnist_42_saved_fp32_32,6183965,4d266b267ddb06191bb1d920656ae374b8d9ba4716cb69c0382de5de9e2103c0,d29d006dd4e5a4e61ef01f03fd379ad8fc1875527dc348549aa8c69d331401c2,04c75852b757e0d5f18de7b0122abca3f7c5430f886a5f45c3268849a8810a9f,9aca213147ae7ac95958624f99fd21ed918d86f006f2fcaf0de289bf2d174774,0.9693072201110786,0.9982451970807772,0.9678790855453552,0.0,0.0,0.0
bloodmnist_42_archive_fp16_16,bloodmnist,42,fp16,16,0,,607d42e0705b1bc9a561fb25155c77a04735f1b1f54a6e1c2389f953b5c2a4a0,04c75852b757e0d5f18de7b0122abca3f7c5430f886a5f45c3268849a8810a9f,9aca213147ae7ac95958624f99fd21ed918d86f006f2fcaf0de289bf2d174774,0.9695995323004968,0.9982435499887944,0.9683279250129712,bloodmnist_42_saved_fp16_16,3131772,4f4b7742b5575a51af0dc4109a090cee6d417212d4c559502b6e1f297944bd09,b44913e8536d13dd396d4faf7cca02ba8cc5a3587d32c597137f404feed4143d,04c75852b757e0d5f18de7b0122abca3f7c5430f886a5f45c3268849a8810a9f,9aca213147ae7ac95958624f99fd21ed918d86f006f2fcaf0de289bf2d174774,0.9701841566793336,0.9982456850137184,0.9687210342059036,0.0005846243788367733,2.135024923966e-06,0.0003931091929324504
bloodmnist_42_archive_int8_minmax_8,bloodmnist,42,int8_minmax,8,0,,0c42cad9ea7423f329d3dd1a8e42a4cd4e353ad4bfb02b43b4999ebfbbc0b968,04c75852b757e0d5f18de7b0122abca3f7c5430f886a5f45c3268849a8810a9f,9aca213147ae7ac95958624f99fd21ed918d86f006f2fcaf0de289bf2d174774,0.9684302835428238,0.9982199990403152,0.96702377861041,bloodmnist_42_saved_int8_minmax_8,1646452,124c7f54970dcb0db4e270784bcc12282f88c4d9ea0c782f67c608424f700eb0,f95cba0681540a1f8df1e5bdc014d04f0a9a3f3c8237caf1bfdf6627ba8d04ac,04c75852b757e0d5f18de7b0122abca3f7c5430f886a5f45c3268849a8810a9f,9aca213147ae7ac95958624f99fd21ed918d86f006f2fcaf0de289bf2d174774,0.968722595732242,0.99822502402934,0.9673896552823804,0.0002923121894181646,5.024989024771109e-06,0.00036587667197041096
bloodmnist_42_archive_uniform_full_2,bloodmnist,42,uniform_full,2,0,,f4726cc8e35a0f6e8fc6200572c461c5c5bb34edd00ee7fca645a0271fbf532b,04c75852b757e0d5f18de7b0122abca3f7c5430f886a5f45c3268849a8810a9f,9aca213147ae7ac95958624f99fd21ed918d86f006f2fcaf0de289bf2d174774,0.1832797427652733,0.506314625816928,0.1073984042273202,bloodmnist_42_saved_uniform_full_2,520693,b0d6ac2396d978bd9b8bdd84ff16567b02fe192db9392a49881926959b76d9b5,d667b71d25ab8ea56e88c8b821505a99c8b7513a05a828f706a0b2e7e5507d47,04c75852b757e0d5f18de7b0122abca3f7c5430f886a5f45c3268849a8810a9f,9aca213147ae7ac95958624f99fd21ed918d86f006f2fcaf0de289bf2d174774,0.182987430575855,0.5064306385773113,0.1085900665185365,-0.0002923121894183034,0.00011601276038331054,0.001191662291216311
bloodmnist_42_archive_rotated_normal_codebook_2,bloodmnist,42,rotated_normal_codebook,2,0,,a5c6b8d81df789f9ac115cdc4b27c6d26b8eb138ab48f48fb290f723b9f2e9b5,04c75852b757e0d5f18de7b0122abca3f7c5430f886a5f45c3268849a8810a9f,9aca213147ae7ac95958624f99fd21ed918d86f006f2fcaf0de289bf2d174774,0.1373867290266004,0.5479710401407931,0.0301978925726034,bloodmnist_42_saved_rotated_normal_codebook_2,521629,78e10a30b3784c8eac4ec947af472def6724b345489939bae4b02effee903c26,9eaeb9e5edbe48c06e68bb6136f663d1a3d336c27de4b10d643ccc5aedaa7a70,04c75852b757e0d5f18de7b0122abca3f7c5430f886a5f45c3268849a8810a9f,9aca213147ae7ac95958624f99fd21ed918d86f006f2fcaf0de289bf2d174774,0.1373867290266004,0.5479522246186752,0.0301978925726034,0.0,-1.8815522117909822e-05,0.0
bloodmnist_42_archive_uniform_full_3,bloodmnist,42,uniform_full,3,0,,2aab45d5d25821d31a85444d33c4d0696aacf50dd6492b77449d413de82bd405,04c75852b757e0d5f18de7b0122abca3f7c5430f886a5f45c3268849a8810a9f,9aca213147ae7ac95958624f99fd21ed918d86f006f2fcaf0de289bf2d174774,0.1581408944752996,0.5272253702030747,0.1131348671904733,bloodmnist_42_saved_uniform_full_3,708360,87eac317cbf3ddde4df1675d620a0c709d368383f1e2fd2cd20c6776815f8976,6677d6704c1fa05c2ec28f31b82a8604e9b33f0229752f449f9a9777219e2599,04c75852b757e0d5f18de7b0122abca3f7c5430f886a5f45c3268849a8810a9f,9aca213147ae7ac95958624f99fd21ed918d86f006f2fcaf0de289bf2d174774,0.1613563285589009,0.525928397151737,0.1165592329124196,0.003215434083601282,-0.001296973051337691,0.003424365721946293
bloodmnist_42_archive_rotated_normal_codebook_3,bloodmnist,42,rotated_normal_codebook,3,0,,9e4c36f6683117d17e3fac64f6509d172f094bf37043768a10e875fd84a41083,04c75852b757e0d5f18de7b0122abca3f7c5430f886a5f45c3268849a8810a9f,9aca213147ae7ac95958624f99fd21ed918d86f006f2fcaf0de289bf2d174774,0.1373867290266004,0.5953409129939344,0.0301978925726034,bloodmnist_42_saved_rotated_normal_codebook_3,709295,d7938d9ff181615ae75bc8281fe1a2faa65edc3a9c3cb2bccff5ea99bdf5ec8d,9556eafc890f03cc34da0cfb78c33509ce0382cd7ddf271c8d0888a9cdad91ca,04c75852b757e0d5f18de7b0122abca3f7c5430f886a5f45c3268849a8810a9f,9aca213147ae7ac95958624f99fd21ed918d86f006f2fcaf0de289bf2d174774,0.1373867290266004,0.5944668708624543,0.0301978925726034,0.0,-0.0008740421314801239,0.0
bloodmnist_42_archive_uniform_full_4,bloodmnist,42,uniform_full,4,0,,0e37dad4b03f398f176945d486589ad305875675c91b8c1e351361c4ebeed114,04c75852b757e0d5f18de7b0122abca3f7c5430f886a5f45c3268849a8810a9f,9aca213147ae7ac95958624f99fd21ed918d86f006f2fcaf0de289bf2d174774,0.467699503069278,0.7880191148585913,0.4017803215050198,bloodmnist_42_saved_uniform_full_4,896032,865e935c79041c4cd9eabfeee501487a65701534bf77e6c65da84fe414ad8381,c0f72a111f249beddc208cf33cb23fd0c5a5352618545eaa1c915ee89a8b4055,04c75852b757e0d5f18de7b0122abca3f7c5430f886a5f45c3268849a8810a9f,9aca213147ae7ac95958624f99fd21ed918d86f006f2fcaf0de289bf2d174774,0.4679918152586962,0.7885799306554364,0.402031802275538,0.0002923121894182201,0.0005608157968450822,0.0002514807705181754
bloodmnist_42_archive_rotated_uniform_4,bloodmnist,42,rotated_uniform,4,0,,e13475aa12bfab520e6bc48458703bc74cf76f43a13480d2168ae1797ff5acd4,04c75852b757e0d5f18de7b0122abca3f7c5430f886a5f45c3268849a8810a9f,9aca213147ae7ac95958624f99fd21ed918d86f006f2fcaf0de289bf2d174774,0.6422098801520023,0.8770795924167479,0.4851711168877515,bloodmnist_42_saved_rotated_uniform_4,896008,ad9ff767df9f032add9c4c43b08c18bc16f89e6c44056abb42ce6877e67ab92b,6fcf1c1eb85994e35cebc1e9bc1ea9a06d87db3fc8b21b15be9a39d940f1d51d,04c75852b757e0d5f18de7b0122abca3f7c5430f886a5f45c3268849a8810a9f,9aca213147ae7ac95958624f99fd21ed918d86f006f2fcaf0de289bf2d174774,0.6442560654779305,0.8775181174702553,0.4867049804124077,0.0020461853259281515,0.00043852505350738813,0.001533863524656176
bloodmnist_42_archive_normal_codebook_4,bloodmnist,42,normal_codebook,4,0,,0ad0f01bac84bd8e62eb4d49d3d97bd1cf841d0d06b50908e93080a128e52dc3,04c75852b757e0d5f18de7b0122abca3f7c5430f886a5f45c3268849a8810a9f,9aca213147ae7ac95958624f99fd21ed918d86f006f2fcaf0de289bf2d174774,0.1373867290266004,0.6096351085204437,0.0302056555269922,bloodmnist_42_saved_normal_codebook_4,896984,2289ccf33f3edb1ed80f303dd1345e740d5e7aa34fc9bcc5f24a454363263ef4,e6c932d8658a3f92e8fc852a7c514c86556326da471e5ae40de920b6c91ef2c8,04c75852b757e0d5f18de7b0122abca3f7c5430f886a5f45c3268849a8810a9f,9aca213147ae7ac95958624f99fd21ed918d86f006f2fcaf0de289bf2d174774,0.1373867290266004,0.610241289866206,0.0302056555269922,0.0,0.0006061813457622911,0.0
bloodmnist_42_archive_rotated_normal_codebook_4,bloodmnist,42,rotated_normal_codebook,4,0,,1c7cb59e388219034fe6896a94026a7cbae703006056b066f8a4c31833863fd5,04c75852b757e0d5f18de7b0122abca3f7c5430f886a5f45c3268849a8810a9f,9aca213147ae7ac95958624f99fd21ed918d86f006f2fcaf0de289bf2d174774,0.1560947091493715,0.7831978328321512,0.0595308748875088,bloodmnist_42_saved_rotated_normal_codebook_4,896965,8ea0eea2c35e1eca3a0aadb7f4bf1cff826fb15e75ab5675f0105a33de788104,5344b0aa994e86298ec65a8e534c89d342aa104959eecdf080367cd732a89b42,04c75852b757e0d5f18de7b0122abca3f7c5430f886a5f45c3268849a8810a9f,9aca213147ae7ac95958624f99fd21ed918d86f006f2fcaf0de289bf2d174774,0.1563870213387898,0.7829476997497961,0.0604992054654031,0.00029231218941827564,-0.00025013308235510845,0.0009683305778942983
bloodmnist_456_archive_fp32_32,bloodmnist,456,fp32,32,0,,dd638194acb5c1c9cfc4b9839f2b7963660c7f8b5791049cbd1f407eb85690e9,7435ce812d24c68ef5364791eac1faad9c8c2faf3224268bcffe19f9004ce59a,9aca213147ae7ac95958624f99fd21ed918d86f006f2fcaf0de289bf2d174774,0.9736919029523532,0.9986896555831684,0.9733860925055532,bloodmnist_456_saved_fp32_32,6183965,0ef49d9dc3c0622c617fac61f056b44763a6d27aaf5b8960d19533035dccfac1,dd638194acb5c1c9cfc4b9839f2b7963660c7f8b5791049cbd1f407eb85690e9,7435ce812d24c68ef5364791eac1faad9c8c2faf3224268bcffe19f9004ce59a,9aca213147ae7ac95958624f99fd21ed918d86f006f2fcaf0de289bf2d174774,0.9736919029523532,0.9986896555831684,0.9733860925055532,0.0,0.0,0.0
bloodmnist_456_archive_fp16_16,bloodmnist,456,fp16,16,0,,d3fd7f06cfd637f911f8edadde61fb5fc05c3e83ddd88c77d50bdb6a42f7b094,7435ce812d24c68ef5364791eac1faad9c8c2faf3224268bcffe19f9004ce59a,9aca213147ae7ac95958624f99fd21ed918d86f006f2fcaf0de289bf2d174774,0.9736919029523532,0.9986926305354598,0.9732613369099274,bloodmnist_456_saved_fp16_16,3131772,8098a5cb189df719c6164880340fa9d523a3ec30b0f9d8ed5f5e99b546c0aeb0,612b7e0570c1659422a8f88c395bbadc2576e52138feab5f2a59315f00fd1a74,7435ce812d24c68ef5364791eac1faad9c8c2faf3224268bcffe19f9004ce59a,9aca213147ae7ac95958624f99fd21ed918d86f006f2fcaf0de289bf2d174774,0.9731072785735164,0.9986887721864204,0.9725808319544392,-0.0005846243788367733,-3.858349039376208e-06,-0.0006805049554882148
bloodmnist_456_archive_int8_minmax_8,bloodmnist,456,int8_minmax,8,0,,379b766acff7e5148aee05e45134682e480c660216155a4998576343827a69e6,7435ce812d24c68ef5364791eac1faad9c8c2faf3224268bcffe19f9004ce59a,9aca213147ae7ac95958624f99fd21ed918d86f006f2fcaf0de289bf2d174774,0.9722303420052616,0.9985710522665894,0.9713616471524044,bloodmnist_456_saved_int8_minmax_8,1646452,cc82765f13fde59a56b7f22369a8ad73fbd54ab8e5381ba89ee479a2490796dd,45f76cda921d0cb4edfaac2b66bd0d68b6380384867eb550a9561c6f0ff10071,7435ce812d24c68ef5364791eac1faad9c8c2faf3224268bcffe19f9004ce59a,9aca213147ae7ac95958624f99fd21ed918d86f006f2fcaf0de289bf2d174774,0.9722303420052616,0.9985689416418284,0.9713616471524044,0.0,-2.1106247609647966e-06,0.0
bloodmnist_456_archive_uniform_full_2,bloodmnist,456,uniform_full,2,0,,1c33c135b0ffe13248066bccfbccad205a770d95818806d50b74db262786b3e1,7435ce812d24c68ef5364791eac1faad9c8c2faf3224268bcffe19f9004ce59a,9aca213147ae7ac95958624f99fd21ed918d86f006f2fcaf0de289bf2d174774,0.1563870213387898,0.4925164737399379,0.061866206392301,bloodmnist_456_saved_uniform_full_2,520693,55f9c3c4df7702a9da9bd4234ce3dd098b0d57b4174444315ee7da135710a784,b311ec0da46bba27aed343c3f165d98fa5f7af707421f88a77facdcc2cbd1402,7435ce812d24c68ef5364791eac1faad9c8c2faf3224268bcffe19f9004ce59a,9aca213147ae7ac95958624f99fd21ed918d86f006f2fcaf0de289bf2d174774,0.1560947091493715,0.4928476189375735,0.0617416990341281,-0.00029231218941827564,0.00033114519763560724,-0.000124507358172897
bloodmnist_456_archive_rotated_normal_codebook_2,bloodmnist,456,rotated_normal_codebook,2,0,,053ad4e5c76d1bab8709588d01a423fff94215ea004cf8dd39a3cacaef8230cd,7435ce812d24c68ef5364791eac1faad9c8c2faf3224268bcffe19f9004ce59a,9aca213147ae7ac95958624f99fd21ed918d86f006f2fcaf0de289bf2d174774,0.1692487576731949,0.3970216024649521,0.0361875,bloodmnist_456_saved_rotated_normal_codebook_2,521629,3fcc81b8dd5efae7b8e8dcdd2105b418dd6bd8027e7ba9952e4ace70a3884014,4d540cd5f5da6c1ec27e75f494d32cd0c0722b4502125b952ff6cbe933fc24a0,7435ce812d24c68ef5364791eac1faad9c8c2faf3224268bcffe19f9004ce59a,9aca213147ae7ac95958624f99fd21ed918d86f006f2fcaf0de289bf2d174774,0.1692487576731949,0.3965429445404722,0.0361875,0.0,-0.0004786579244799305,0.0
bloodmnist_456_archive_uniform_full_3,bloodmnist,456,uniform_full,3,0,,a36dd78e59504e856cd2381366770e400a909c12219d0132b1f9415120ff9926,7435ce812d24c68ef5364791eac1faad9c8c2faf3224268bcffe19f9004ce59a,9aca213147ae7ac95958624f99fd21ed918d86f006f2fcaf0de289bf2d174774,0.1584332066647179,0.5138658460597068,0.0934189090046938,bloodmnist_456_saved_uniform_full_3,708360,d090234813a907d81aaea8f15306b5e982a2fa1766450f83fa2bfa73692688b3,29f1d7ca603e2fbfdc45ce719fe98b9b9a0ad03e9313fd4d8ea095910624ffdc,7435ce812d24c68ef5364791eac1faad9c8c2faf3224268bcffe19f9004ce59a,9aca213147ae7ac95958624f99fd21ed918d86f006f2fcaf0de289bf2d174774,0.1578485822858813,0.5126024917773164,0.0947012282163146,-0.0005846243788366068,-0.0012633542823903277,0.0012823192116208082
bloodmnist_456_archive_rotated_normal_codebook_3,bloodmnist,456,rotated_normal_codebook,3,0,,38a27ff493e351060a5996d57f51d0b897782d0491e2c56b7a70e5f8783d6783,7435ce812d24c68ef5364791eac1faad9c8c2faf3224268bcffe19f9004ce59a,9aca213147ae7ac95958624f99fd21ed918d86f006f2fcaf0de289bf2d174774,0.1376790412160187,0.6285146099647365,0.0312260636902575,bloodmnist_456_saved_rotated_normal_codebook_3,709295,24da795a266ba5c8e249ed972f4d65c1a466d6da0f363487f1c590c8047e7d6c,82aadbc8f4eca436738bf915d6d29bcd1476802f531deade7966b0cac498ae61,7435ce812d24c68ef5364791eac1faad9c8c2faf3224268bcffe19f9004ce59a,9aca213147ae7ac95958624f99fd21ed918d86f006f2fcaf0de289bf2d174774,0.1376790412160187,0.6285614012647162,0.0312260636902575,0.0,4.679129997964271e-05,0.0
bloodmnist_456_archive_uniform_full_4,bloodmnist,456,uniform_full,4,0,,cb300f250bf26f2f8b1aef92e538a472647504ac2b75c431b428ca932a4cff9b,7435ce812d24c68ef5364791eac1faad9c8c2faf3224268bcffe19f9004ce59a,9aca213147ae7ac95958624f99fd21ed918d86f006f2fcaf0de289bf2d174774,0.3227126571178018,0.7728934888762807,0.2415636183745,bloodmnist_456_saved_uniform_full_4,896032,7ba34356bbcfd654550c5b31d4508f9f1a5703971f643ca0c4cb7bda9e34f7d8,fe5ff22bbe18a767d6c100de5ec43262b8caff36d5a9e51fb0f435b0de7c32fd,7435ce812d24c68ef5364791eac1faad9c8c2faf3224268bcffe19f9004ce59a,9aca213147ae7ac95958624f99fd21ed918d86f006f2fcaf0de289bf2d174774,0.3227126571178018,0.772766734900548,0.2418494908737556,0.0,-0.0001267539757326963,0.00028587249925560165
bloodmnist_456_archive_rotated_uniform_4,bloodmnist,456,rotated_uniform,4,0,,f6d281c12b743785e41cb208fc4ec3152fb969955fe449bb218cac2fc1ce8d0b,7435ce812d24c68ef5364791eac1faad9c8c2faf3224268bcffe19f9004ce59a,9aca213147ae7ac95958624f99fd21ed918d86f006f2fcaf0de289bf2d174774,0.3341128325051155,0.7064573307410121,0.2382910574941544,bloodmnist_456_saved_rotated_uniform_4,896008,6724eb1a165d9421257aef4292c380f4fc15f4111d3a24b6d9d57f5919bcffa6,c4eec185ed8c77694a68b257893ecd384dc060bca3ea337f759d6aed3632ae7c,7435ce812d24c68ef5364791eac1faad9c8c2faf3224268bcffe19f9004ce59a,9aca213147ae7ac95958624f99fd21ed918d86f006f2fcaf0de289bf2d174774,0.332651271558024,0.7071241509609385,0.2369208998943467,-0.0014615609470914892,0.0006668202199263673,-0.0013701575998077142
bloodmnist_456_archive_normal_codebook_4,bloodmnist,456,normal_codebook,4,0,,088ce6e66a6617a3def20e4732c4b95cb65a1bec5386f7d980a48bb9b2908120,7435ce812d24c68ef5364791eac1faad9c8c2faf3224268bcffe19f9004ce59a,9aca213147ae7ac95958624f99fd21ed918d86f006f2fcaf0de289bf2d174774,0.1464484068985676,0.7374102345919173,0.0504085422105838,bloodmnist_456_saved_normal_codebook_4,896984,19a1391a71c85cbbfe40e0a04daccb93032a66eb2b70309810dd43279ba762cf,2bf7c65f40095fbfc805d177735c7605e7e9d02e8fb538222a7f2670d4e68a3f,7435ce812d24c68ef5364791eac1faad9c8c2faf3224268bcffe19f9004ce59a,9aca213147ae7ac95958624f99fd21ed918d86f006f2fcaf0de289bf2d174774,0.1461560947091493,0.7372132167812063,0.0499826945508971,-0.0002923121894183034,-0.00019701781071101987,-0.00042584765968670113
bloodmnist_456_archive_rotated_normal_codebook_4,bloodmnist,456,rotated_normal_codebook,4,0,,09fedf31fde41e33cc66675a9bfb60dc6903387f8ab6183ae6b743952234ed37,7435ce812d24c68ef5364791eac1faad9c8c2faf3224268bcffe19f9004ce59a,9aca213147ae7ac95958624f99fd21ed918d86f006f2fcaf0de289bf2d174774,0.1698333820520315,0.8290797611965361,0.1086522391453127,bloodmnist_456_saved_rotated_normal_codebook_4,896965,12441dc0852f880b9a3a017148a93ea48691e52670d81de45512cb5113615ab9,def42aa69020b971def65dc18c8cadd119c7232c91353311ac44a6a7f71514a6,7435ce812d24c68ef5364791eac1faad9c8c2faf3224268bcffe19f9004ce59a,9aca213147ae7ac95958624f99fd21ed918d86f006f2fcaf0de289bf2d174774,0.1707103186202864,0.8292882926098213,0.1101406211028578,0.0008769365682549102,0.00020853141328514013,0.0014883819575450957
dermamnist_123_archive_fp32_32,dermamnist,123,fp32,32,0,,5583d45ba4c352d91f4209cd8c87bf554fd711e5f996fbdebf90e4e7edf387a2,8ccc066e2b7d03e9bcd676c1f0f15fef58f758c2f5d906e30c290bbe7d786d30,323c54660beecf392367d5b04f0be03fdcc256d84d16dfb78c446b384df3645e,0.7845386533665836,0.9203068752099264,0.5601127485805796,dermamnist_123_saved_fp32_32,6179865,dd8d143a7bde6e5c22221e7ea334393befc1f3e492125d16f1876f69f8b19a59,5583d45ba4c352d91f4209cd8c87bf554fd711e5f996fbdebf90e4e7edf387a2,8ccc066e2b7d03e9bcd676c1f0f15fef58f758c2f5d906e30c290bbe7d786d30,323c54660beecf392367d5b04f0be03fdcc256d84d16dfb78c446b384df3645e,0.7845386533665836,0.9203068752099264,0.5601127485805796,0.0,0.0,0.0
dermamnist_123_archive_fp16_16,dermamnist,123,fp16,16,0,,1d080ffe7f4c2d5ee276adf2c4e32d141d3021f2ab8eb3c8ea9b1ed38986a1fe,8ccc066e2b7d03e9bcd676c1f0f15fef58f758c2f5d906e30c290bbe7d786d30,323c54660beecf392367d5b04f0be03fdcc256d84d16dfb78c446b384df3645e,0.7845386533665836,0.9202683785920492,0.5604107147115088,dermamnist_123_saved_fp16_16,3129722,a196602d7c910991ef2d8e20abdb87ef79e57a7a20b8a6df9ac5494bddd072a6,5ff083010b608b57611631df1841113aed7bbf574e448ee8dc6240ee845c0dc3,8ccc066e2b7d03e9bcd676c1f0f15fef58f758c2f5d906e30c290bbe7d786d30,323c54660beecf392367d5b04f0be03fdcc256d84d16dfb78c446b384df3645e,0.7845386533665836,0.9201754017246544,0.5645039407227851,0.0,-9.297686739484501e-05,0.004093226011276263
dermamnist_123_archive_int8_minmax_8,dermamnist,123,int8_minmax,8,0,,52d21c8f4f7f6add4579b1ae45da5c5533a2a29ee4e5266229c50365294bf71b,8ccc066e2b7d03e9bcd676c1f0f15fef58f758c2f5d906e30c290bbe7d786d30,323c54660beecf392367d5b04f0be03fdcc256d84d16dfb78c446b384df3645e,0.7810473815461346,0.9207129027001332,0.556404009997053,dermamnist_123_saved_int8_minmax_8,1645424,32d8ea334cd9aadad504627220555d3d880923a30f65053c414d07c6d9755469,c75fd64627e644906d5a5fff59431291ec143499436ef2ea7dde808a4497a6d4,8ccc066e2b7d03e9bcd676c1f0f15fef58f758c2f5d906e30c290bbe7d786d30,323c54660beecf392367d5b04f0be03fdcc256d84d16dfb78c446b384df3645e,0.7815461346633417,0.9206661774303824,0.5575443446979131,0.0004987531172070403,-4.672526975080249e-05,0.0011403347008601683
dermamnist_123_archive_uniform_full_2,dermamnist,123,uniform_full,2,0,,5997ff1f2f971ab7abcbc7904f77fd36fd417b038d8843e325892c438c864548,8ccc066e2b7d03e9bcd676c1f0f15fef58f758c2f5d906e30c290bbe7d786d30,323c54660beecf392367d5b04f0be03fdcc256d84d16dfb78c446b384df3645e,0.6638403990024938,0.4992018984812051,0.1140629017053732,dermamnist_123_saved_uniform_full_2,519665,9d19b550b338c5219f36f0639bf112c67494727881b545867a0c8962a8726054,d779bbca80399977f076e4617dfebf2af8879933e833b71b6da759c60aae4b24,8ccc066e2b7d03e9bcd676c1f0f15fef58f758c2f5d906e30c290bbe7d786d30,323c54660beecf392367d5b04f0be03fdcc256d84d16dfb78c446b384df3645e,0.6643391521197007,0.4992276898652187,0.1140801644398766,0.0004987531172069293,2.579138401359593e-05,1.726273450340654e-05
dermamnist_123_archive_rotated_normal_codebook_2,dermamnist,123,rotated_normal_codebook,2,0,,8008372eb22666c9ba532c520342a393302ea233b6ec523026827cbd6e0ce018,8ccc066e2b7d03e9bcd676c1f0f15fef58f758c2f5d906e30c290bbe7d786d30,323c54660beecf392367d5b04f0be03fdcc256d84d16dfb78c446b384df3645e,0.5486284289276808,0.4664415886100916,0.1183647334013645,dermamnist_123_saved_rotated_normal_codebook_2,520601,510b476ada4c4e2132118b9b9904def62666b5dd35d75b0555181f673daff3d7,a8761b65bbd71679d80cfdcf190618d6ac1a0bef4c5b33517c5904855651c4fc,8ccc066e2b7d03e9bcd676c1f0f15fef58f758c2f5d906e30c290bbe7d786d30,323c54660beecf392367d5b04f0be03fdcc256d84d16dfb78c446b384df3645e,0.5471321695760598,0.4652375030367856,0.1181904662944341,-0.0014962593516210099,-0.0012040855733059797,-0.00017426710693040082
dermamnist_123_archive_uniform_full_3,dermamnist,123,uniform_full,3,0,,c485584830bcc7a976ab9586a577ce88f954a89668553a95edde78f449f0a91b,8ccc066e2b7d03e9bcd676c1f0f15fef58f758c2f5d906e30c290bbe7d786d30,323c54660beecf392367d5b04f0be03fdcc256d84d16dfb78c446b384df3645e,0.6598503740648379,0.6519477890571794,0.1197022819890621,dermamnist_123_saved_uniform_full_3,707332,ca29b4a7cb05aab30ce127ae117dde8b01b26df6838749dac875b366c6e842dc,9d31a1027e2843a20b6598d36650308ea9e5496b076b88305b024994a8f754ea,8ccc066e2b7d03e9bcd676c1f0f15fef58f758c2f5d906e30c290bbe7d786d30,323c54660beecf392367d5b04f0be03fdcc256d84d16dfb78c446b384df3645e,0.658852867830424,0.6510150173801283,0.1195291742727857,-0.0009975062344139696,-0.0009327716770510808,-0.00017310771627640498
dermamnist_123_archive_rotated_normal_codebook_3,dermamnist,123,rotated_normal_codebook,3,0,,39103683c043a2487cf5cac402ff84c266db8c16afb82e6b0a640988e542c664,8ccc066e2b7d03e9bcd676c1f0f15fef58f758c2f5d906e30c290bbe7d786d30,323c54660beecf392367d5b04f0be03fdcc256d84d16dfb78c446b384df3645e,0.1102244389027431,0.5111586764366447,0.0320904610173805,dermamnist_123_saved_rotated_normal_codebook_3,708267,1b1d772e408e37074f9142a617ba4186d9617c8d55a75e910491168f50c5565d,c1ee24fbd54353b656224a92495049aa05b843fe2b1b338508ebd6842aa28f09,8ccc066e2b7d03e9bcd676c1f0f15fef58f758c2f5d906e30c290bbe7d786d30,323c54660beecf392367d5b04f0be03fdcc256d84d16dfb78c446b384df3645e,0.1097256857855361,0.5110497591070174,0.0318669664530727,-0.0004987531172069987,-0.00010891732962725609,-0.00022349456430779957
dermamnist_123_archive_uniform_full_4,dermamnist,123,uniform_full,4,0,,0a2de634c23f0cb7bd1b4ec81fd265aee9c004b2c48939e038e339363e69836d,8ccc066e2b7d03e9bcd676c1f0f15fef58f758c2f5d906e30c290bbe7d786d30,323c54660beecf392367d5b04f0be03fdcc256d84d16dfb78c446b384df3645e,0.6458852867830424,0.5895161951263185,0.1585786876189867,dermamnist_123_saved_uniform_full_4,895004,6307c4a75e8261b746de6566f7b74c49c3f19a474eac146e13a255d26164bb48,e1c97890d10e1e8c7b66edcbdf0bf0766074118fdb85e87d81db7b4d3d06ba48,8ccc066e2b7d03e9bcd676c1f0f15fef58f758c2f5d906e30c290bbe7d786d30,323c54660beecf392367d5b04f0be03fdcc256d84d16dfb78c446b384df3645e,0.6463840399002494,0.5880086990178663,0.1547912415859411,0.0004987531172070403,-0.0015074961084521332,-0.003787446033045594
dermamnist_123_archive_rotated_uniform_4,dermamnist,123,rotated_uniform,4,0,,f08b97a2f4f156077277acf75ba2471d00d33d34a8addbbe959d0eb43d66a679,8ccc066e2b7d03e9bcd676c1f0f15fef58f758c2f5d906e30c290bbe7d786d30,323c54660beecf392367d5b04f0be03fdcc256d84d16dfb78c446b384df3645e,0.5576059850374064,0.6687434898130146,0.1967238953848672,dermamnist_123_saved_rotated_uniform_4,894980,06d80e097332a39e4ab54547e4b5d291a9b84bf44ca84b33176aaa3337b0f68a,c153859c3a3e9c50c4ede2e2f7e83c1972db67f7b304c5c7297a8ce186e54380,8ccc066e2b7d03e9bcd676c1f0f15fef58f758c2f5d906e30c290bbe7d786d30,323c54660beecf392367d5b04f0be03fdcc256d84d16dfb78c446b384df3645e,0.5586034912718204,0.6685422675196637,0.1967422131470753,0.0009975062344139696,-0.00020122229335084452,1.8317762208092114e-05
dermamnist_123_archive_normal_codebook_4,dermamnist,123,normal_codebook,4,0,,f205294dbca03a73ee374a5bd973a54d4db6fdbfd8a4f632eae96a2a58505c3e,8ccc066e2b7d03e9bcd676c1f0f15fef58f758c2f5d906e30c290bbe7d786d30,323c54660beecf392367d5b04f0be03fdcc256d84d16dfb78c446b384df3645e,0.4304239401496259,0.4691050815569066,0.1093355852896373,dermamnist_123_saved_normal_codebook_4,895956,d091c4f258393cdce9e1aa9c0c8f90c24bcb44b004cdbc696ac972b145a6eb8c,bacdd03a3473b474b0581dea07028c500a551ca78ecd6976267a70b177e4e45a,8ccc066e2b7d03e9bcd676c1f0f15fef58f758c2f5d906e30c290bbe7d786d30,323c54660beecf392367d5b04f0be03fdcc256d84d16dfb78c446b384df3645e,0.4309226932668329,0.4681381447618988,0.1104969688870446,0.0004987531172069848,-0.0009669367950078112,0.0011613835974073061
dermamnist_123_archive_rotated_normal_codebook_4,dermamnist,123,rotated_normal_codebook,4,0,,3b5d588bae8258cb6edb5f136d65c5df1e6dbce6201352a920a198673d006077,8ccc066e2b7d03e9bcd676c1f0f15fef58f758c2f5d906e30c290bbe7d786d30,323c54660beecf392367d5b04f0be03fdcc256d84d16dfb78c446b384df3645e,0.2199501246882793,0.5145671815716288,0.0796959211880641,dermamnist_123_saved_rotated_normal_codebook_4,895937,bbcb75f32445aff4a8620915a5f2fd091047a0ddd220885cfec9c83417307cd2,02ac0e5c59d4a5bf3c1b4e8e55c6ce0958f398e6add5680a7c77222aaa8f7d22,8ccc066e2b7d03e9bcd676c1f0f15fef58f758c2f5d906e30c290bbe7d786d30,323c54660beecf392367d5b04f0be03fdcc256d84d16dfb78c446b384df3645e,0.2189526184538653,0.5150918799880876,0.0795343292657504,-0.0009975062344139973,0.0005246984164587465,-0.00016159192231370023
dermamnist_42_archive_fp32_32,dermamnist,42,fp32,32,0,,f6dd227476a04ee67b232642380740ed6ab977b63dd7616a7ed3bf8be27d0a87,0d55344a5e62263561a9236c29a675a1c8fed8020ed4a91efc6266a241fbaa2e,323c54660beecf392367d5b04f0be03fdcc256d84d16dfb78c446b384df3645e,0.7451371571072319,0.9117058995051304,0.5104533758630079,dermamnist_42_saved_fp32_32,6179865,62e3163f7e8670078cc8bfb97f63ebfe19bd6284ecf0810f10522e2846adf4d3,f6dd227476a04ee67b232642380740ed6ab977b63dd7616a7ed3bf8be27d0a87,0d55344a5e62263561a9236c29a675a1c8fed8020ed4a91efc6266a241fbaa2e,323c54660beecf392367d5b04f0be03fdcc256d84d16dfb78c446b384df3645e,0.7451371571072319,0.9117058995051304,0.5104533758630079,0.0,0.0,0.0
dermamnist_42_archive_fp16_16,dermamnist,42,fp16,16,0,,361ab030300adc1183342212a84d4d97400de87e56880b155263586e91b26d71,0d55344a5e62263561a9236c29a675a1c8fed8020ed4a91efc6266a241fbaa2e,323c54660beecf392367d5b04f0be03fdcc256d84d16dfb78c446b384df3645e,0.744139650872818,0.911770401085028,0.5079422240993728,dermamnist_42_saved_fp16_16,3129722,3eeca68fff8d8eb0e9294f73bd28c5a08797e1fedd7f451129a98b6f4ac47395,7863c6f28f6cfae8d1743cb3226817ca6332d6b1e8d47c799af255b4fb0741e6,0d55344a5e62263561a9236c29a675a1c8fed8020ed4a91efc6266a241fbaa2e,323c54660beecf392367d5b04f0be03fdcc256d84d16dfb78c446b384df3645e,0.7446384039900249,0.9118307582098404,0.5095081001307024,0.0004987531172069293,6.0357124812338014e-05,0.0015658760313295161
dermamnist_42_archive_int8_minmax_8,dermamnist,42,int8_minmax,8,0,,37b5ead81154cb619f4e99dcf81f26186b3a445ca08a2435548c4580e228cf8f,0d55344a5e62263561a9236c29a675a1c8fed8020ed4a91efc6266a241fbaa2e,323c54660beecf392367d5b04f0be03fdcc256d84d16dfb78c446b384df3645e,0.7476309226932668,0.9100005115525642,0.5052843363073029,dermamnist_42_saved_int8_minmax_8,1645424,efe1af5646b60d544ebe6845af950511c8afd040e499ba057cdf0b0dbb69bb36,a369c91123f6e9fa9f0c69cdc1e161f3327cbef41e8ba830f69600b1ec856031,0d55344a5e62263561a9236c29a675a1c8fed8020ed4a91efc6266a241fbaa2e,323c54660beecf392367d5b04f0be03fdcc256d84d16dfb78c446b384df3645e,0.7481296758104738,0.9100896145308166,0.506564802684538,0.0004987531172070403,8.910297825237556e-05,0.0012804663772351121
dermamnist_42_archive_uniform_full_2,dermamnist,42,uniform_full,2,0,,987e0ea9edcea88e157def8a17fe81a2b0ebb2b36ecff49460f83b88cf4ce23d,0d55344a5e62263561a9236c29a675a1c8fed8020ed4a91efc6266a241fbaa2e,323c54660beecf392367d5b04f0be03fdcc256d84d16dfb78c446b384df3645e,0.6668329177057356,0.499626605890588,0.1143028126870137,dermamnist_42_saved_uniform_full_2,519665,7280e98da66cdf181190d33d21d3bc371ce3c84f572a3a8d353b86ca458db76b,5a75b2c7fb18b6ea11c1c49316bf79a10dc0b072f4f508d5d3eac846e9d419c0,0d55344a5e62263561a9236c29a675a1c8fed8020ed4a91efc6266a241fbaa2e,323c54660beecf392367d5b04f0be03fdcc256d84d16dfb78c446b384df3645e,0.6683291770573566,0.499906651472647,0.1144565449498185,0.0014962593516210099,0.00028004558205901864,0.00015373226280479546
dermamnist_42_archive_rotated_normal_codebook_2,dermamnist,42,rotated_normal_codebook,2,0,,3147539ebab01b12f848c800e98ab5bf820a41760f258f65ff9e2d7a6e330d8c,0d55344a5e62263561a9236c29a675a1c8fed8020ed4a91efc6266a241fbaa2e,323c54660beecf392367d5b04f0be03fdcc256d84d16dfb78c446b384df3645e,0.1152119700748129,0.4251084074519835,0.0316246357527757,dermamnist_42_saved_rotated_normal_codebook_2,520601,10699fa5ffc28dea9aad069dc3f550234f8fc6225e18df8741877d069d7e5cb4,e7f3f5808d9605e383645d46fe0ce6279d6928a37cbd66686d16cc521cad02ab,0d55344a5e62263561a9236c29a675a1c8fed8020ed4a91efc6266a241fbaa2e,323c54660beecf392367d5b04f0be03fdcc256d84d16dfb78c446b384df3645e,0.1152119700748129,0.4249210544294688,0.0317201884666676,0.0,-0.00018735302251471353,9.555271389189574e-05
dermamnist_42_archive_uniform_full_3,dermamnist,42,uniform_full,3,0,,5ab9a967947307c7330902de094b9c4d0e3c6ce12e9fa33ca780aac5e82d41a1,0d55344a5e62263561a9236c29a675a1c8fed8020ed4a91efc6266a241fbaa2e,323c54660beecf392367d5b04f0be03fdcc256d84d16dfb78c446b384df3645e,0.5915211970074813,0.4446720014579369,0.1328942275890701,dermamnist_42_saved_uniform_full_3,707332,ee3959ab78dca9063c22ef3cac62c3f6cdc93e4f725cf16028c2b34ea4868ef3,a6092f48028d0be672220c370c3d51cd1ed79bf5938c72a0bbd9549eb1ac28ab,0d55344a5e62263561a9236c29a675a1c8fed8020ed4a91efc6266a241fbaa2e,323c54660beecf392367d5b04f0be03fdcc256d84d16dfb78c446b384df3645e,0.5890274314214464,0.4451617210204762,0.1319505316188231,-0.0024937655860348684,0.0004897195625392925,-0.0009436959702469883
dermamnist_42_archive_rotated_normal_codebook_3,dermamnist,42,rotated_normal_codebook,3,0,,a084571342430fdec3669cb81a64b809493162a3fe95a2a2cd10b6f4c65c6a95,0d55344a5e62263561a9236c29a675a1c8fed8020ed4a91efc6266a241fbaa2e,323c54660beecf392367d5b04f0be03fdcc256d84d16dfb78c446b384df3645e,0.0518703241895261,0.5310900120616256,0.0141993905849617,dermamnist_42_saved_rotated_normal_codebook_3,708267,c1a5433e64d2f899c8064b444ecfaf9178d28094f1dd84ed5cdf5874d939e6ce,b3b50c5d9e6495a1002ac1acd0837c53e1d5bd6c5b82f2bbf17ef76494d664d2,0d55344a5e62263561a9236c29a675a1c8fed8020ed4a91efc6266a241fbaa2e,323c54660beecf392367d5b04f0be03fdcc256d84d16dfb78c446b384df3645e,0.0518703241895261,0.5310160512026213,0.0141993905849617,0.0,-7.396085900435168e-05,0.0
dermamnist_42_archive_uniform_full_4,dermamnist,42,uniform_full,4,0,,f6f61ab7b97c497b0127f7ca993b8c2c8f63a82f1f1de594a54b10fef0a84936,0d55344a5e62263561a9236c29a675a1c8fed8020ed4a91efc6266a241fbaa2e,323c54660beecf392367d5b04f0be03fdcc256d84d16dfb78c446b384df3645e,0.6209476309226932,0.6383638872322043,0.1640737301058486,dermamnist_42_saved_uniform_full_4,895004,cae0b1f01dce5ad1e01d1b144e7e01067c8d4afb0906e4d217f2194f866441c3,98e4f1b454516384cb587831c260606042185c9096f2e8f5c8ff9bd34c8a6d73,0d55344a5e62263561a9236c29a675a1c8fed8020ed4a91efc6266a241fbaa2e,323c54660beecf392367d5b04f0be03fdcc256d84d16dfb78c446b384df3645e,0.6219451371571072,0.6383696766327517,0.1639045313345762,0.0009975062344139696,5.789400547406842e-06,-0.00016919877127241634
dermamnist_42_archive_rotated_uniform_4,dermamnist,42,rotated_uniform,4,0,,544073754537e89cb321713d3c192e83e00ea32457ac1f6c293d79081b814dd5,0d55344a5e62263561a9236c29a675a1c8fed8020ed4a91efc6266a241fbaa2e,323c54660beecf392367d5b04f0be03fdcc256d84d16dfb78c446b384df3645e,0.628428927680798,0.635392993258845,0.160414374046996,dermamnist_42_saved_rotated_uniform_4,894980,9fcedbf1543448b592b1257840752a58b29f7c0f0fb7984a903106844dbb843d,dd020b02f8883c11a980da5c1e6349be843e49b0fe422323ebb2a8d92ad06114,0d55344a5e62263561a9236c29a675a1c8fed8020ed4a91efc6266a241fbaa2e,323c54660beecf392367d5b04f0be03fdcc256d84d16dfb78c446b384df3645e,0.628428927680798,0.6356247577518304,0.1580185268411403,0.0,0.0002317644929853424,-0.0023958472058557
dermamnist_42_archive_normal_codebook_4,dermamnist,42,normal_codebook,4,0,,a3e1a5942f388602a24f1f2b73b9a756e387fa98d119c2fc859ac08043cc7ed8,0d55344a5e62263561a9236c29a675a1c8fed8020ed4a91efc6266a241fbaa2e,323c54660beecf392367d5b04f0be03fdcc256d84d16dfb78c446b384df3645e,0.2468827930174563,0.5684206738518345,0.0756913885540448,dermamnist_42_saved_normal_codebook_4,895956,446ec20c39e52132345508f7c5596eb41e1d493f16e8ce34123a70af8ce9fee3,f017615edba7423c9bae352a0e935c29e8f51421fe046a6a304b8f89e1bb351a,0d55344a5e62263561a9236c29a675a1c8fed8020ed4a91efc6266a241fbaa2e,323c54660beecf392367d5b04f0be03fdcc256d84d16dfb78c446b384df3645e,0.2403990024937655,0.5679689237129125,0.0742685866232214,-0.006483790523690802,-0.00045175013892195803,-0.001422801930823392
dermamnist_42_archive_rotated_normal_codebook_4,dermamnist,42,rotated_normal_codebook,4,0,,55b3cf648818a58e5ced517ee47e69a3acf5286d06007e7cfaa96c1bd6d4b412,0d55344a5e62263561a9236c29a675a1c8fed8020ed4a91efc6266a241fbaa2e,323c54660beecf392367d5b04f0be03fdcc256d84d16dfb78c446b384df3645e,0.6693266832917706,0.6323482675602697,0.1198997426450907,dermamnist_42_saved_rotated_normal_codebook_4,895937,33e3cfaecc9dd32fd69c05282888b20b860ecaac42488a08d709edc13b4e7229,dc51da92ee58a4a67e04c8f7d40d8e5332311b9a97566fd5ac850d91275d3677,0d55344a5e62263561a9236c29a675a1c8fed8020ed4a91efc6266a241fbaa2e,323c54660beecf392367d5b04f0be03fdcc256d84d16dfb78c446b384df3645e,0.6693266832917706,0.6321409351612848,0.1198997426450907,0.0,-0.0002073323989849607,0.0
dermamnist_456_archive_fp32_32,dermamnist,456,fp32,32,0,,91258a98b107140a76ffc500397d40b1cb861bf44ce86ade4e653abfb77d45f4,64ae2c3a7474c7ac6d58e549752f09b71ea0fe57fc1515fdd872fc34470f897e,323c54660beecf392367d5b04f0be03fdcc256d84d16dfb78c446b384df3645e,0.7655860349127181,0.9188546498637576,0.5445291567408458,dermamnist_456_saved_fp32_32,6179865,c0751ae4730a3221c4989d02c1e1fbe2204f9ecdaed79a1175f4b330e52a2f07,91258a98b107140a76ffc500397d40b1cb861bf44ce86ade4e653abfb77d45f4,64ae2c3a7474c7ac6d58e549752f09b71ea0fe57fc1515fdd872fc34470f897e,323c54660beecf392367d5b04f0be03fdcc256d84d16dfb78c446b384df3645e,0.7655860349127181,0.9188546498637576,0.5445291567408458,0.0,0.0,0.0
dermamnist_456_archive_fp16_16,dermamnist,456,fp16,16,0,,9b722da68a971da9043cbf8c5930702ed80fac70adb34f53b984f681e6e5b0f6,64ae2c3a7474c7ac6d58e549752f09b71ea0fe57fc1515fdd872fc34470f897e,323c54660beecf392367d5b04f0be03fdcc256d84d16dfb78c446b384df3645e,0.7640897755610973,0.9189268742298744,0.5438727633374376,dermamnist_456_saved_fp16_16,3129722,396f25382947353305e8d814da7b11f99934409a59a0bddcdf2e37f876a02e40,1be41a63704f71467dcef4642dac82e3778ddf2d642ae4141e7d42d0f5f9b55d,64ae2c3a7474c7ac6d58e549752f09b71ea0fe57fc1515fdd872fc34470f897e,323c54660beecf392367d5b04f0be03fdcc256d84d16dfb78c446b384df3645e,0.7635910224438903,0.9188039430720284,0.543662689768163,-0.0004987531172069293,-0.00012293115784600683,-0.00021007356927460474
dermamnist_456_archive_int8_minmax_8,dermamnist,456,int8_minmax,8,0,,2dacffe8a238189f74284cdf873510f4f44a1db8a8bfcddf606f86b830a81dc6,64ae2c3a7474c7ac6d58e549752f09b71ea0fe57fc1515fdd872fc34470f897e,323c54660beecf392367d5b04f0be03fdcc256d84d16dfb78c446b384df3645e,0.7571072319201995,0.9190871276414134,0.5371442146397991,dermamnist_456_saved_int8_minmax_8,1645424,760ff1829d3e8450ca3ec1c8fbd003454114ea6b78d901eee4acadefe417ca9c,9e7727fcab514e07fc9e3227b830c696426233a57641820a7af250f0ce124fbe,64ae2c3a7474c7ac6d58e549752f09b71ea0fe57fc1515fdd872fc34470f897e,323c54660beecf392367d5b04f0be03fdcc256d84d16dfb78c446b384df3645e,0.7561097256857855,0.9189801800448888,0.5360836033914177,-0.0009975062344139696,-0.00010694759652463137,-0.0010606112483814156
dermamnist_456_archive_uniform_full_2,dermamnist,456,uniform_full,2,0,,db739a6710ccdee376f75d7ef561d6667f6f272c5e75e96aa23f9c2d9671bcd7,64ae2c3a7474c7ac6d58e549752f09b71ea0fe57fc1515fdd872fc34470f897e,323c54660beecf392367d5b04f0be03fdcc256d84d16dfb78c446b384df3645e,0.6678304239401496,0.4998133029452939,0.1144053315105946,dermamnist_456_saved_uniform_full_2,519665,9bd5cf1c3bb10905fba0b3849c9d34384480f5134c6f91c41c3c14e02d058754,aec2ee9a07466ec7ac9a5c5a53c740e7ea7dcbabab619dfa232a5e222ac93b0a,64ae2c3a7474c7ac6d58e549752f09b71ea0fe57fc1515fdd872fc34470f897e,323c54660beecf392367d5b04f0be03fdcc256d84d16dfb78c446b384df3645e,0.6678304239401496,0.4998133029452939,0.1144053315105946,0.0,0.0,0.0
dermamnist_456_archive_rotated_normal_codebook_2,dermamnist,456,rotated_normal_codebook,2,0,,3e4c41a39963de87f51ab44ea4675e5fc976366e8a2501d0ebd138c350debe14,64ae2c3a7474c7ac6d58e549752f09b71ea0fe57fc1515fdd872fc34470f897e,323c54660beecf392367d5b04f0be03fdcc256d84d16dfb78c446b384df3645e,0.1097256857855361,0.5124105077893258,0.0282504012841091,dermamnist_456_saved_rotated_normal_codebook_2,520601,1cc5bacc31b0c165f48e498025fd9d672d468df77d70a04cd9261f8c92f9d6e1,b092e69699d8a64dc83b7a912abc7580b907af7a9c1510077b02da0fdff60ccf,64ae2c3a7474c7ac6d58e549752f09b71ea0fe57fc1515fdd872fc34470f897e,323c54660beecf392367d5b04f0be03fdcc256d84d16dfb78c446b384df3645e,0.1097256857855361,0.5124583359107525,0.0282504012841091,0.0,4.782812142667403e-05,0.0
dermamnist_456_archive_uniform_full_3,dermamnist,456,uniform_full,3,0,,70b468298685540de742459ba066a016ba311ad4ef6611172ff9c1801934548d,64ae2c3a7474c7ac6d58e549752f09b71ea0fe57fc1515fdd872fc34470f897e,323c54660beecf392367d5b04f0be03fdcc256d84d16dfb78c446b384df3645e,0.6618453865336659,0.5008174958323863,0.1176044838695441,dermamnist_456_saved_uniform_full_3,707332,3133af2baee20982a408ebd4adfcc1998cb83abaac241c1d20b16e2935cdc021,74a2e4a717b69b0dcae4dc16d5c4d7c3f7388a24e04fd7749d527749039821de,64ae2c3a7474c7ac6d58e549752f09b71ea0fe57fc1515fdd872fc34470f897e,323c54660beecf392367d5b04f0be03fdcc256d84d16dfb78c446b384df3645e,0.6623441396508728,0.5009701367746823,0.1164287595703285,0.0004987531172069293,0.00015264094229594516,-0.0011757242992155997
dermamnist_456_archive_rotated_normal_codebook_3,dermamnist,456,rotated_normal_codebook,3,0,,9e2687fd8834f6cba5a7edf6767fccd92ee987260226dfbea6d9f1bac748869f,64ae2c3a7474c7ac6d58e549752f09b71ea0fe57fc1515fdd872fc34470f897e,323c54660beecf392367d5b04f0be03fdcc256d84d16dfb78c446b384df3645e,0.6628428927680798,0.4750415903174371,0.1138915074128031,dermamnist_456_saved_rotated_normal_codebook_3,708267,9deb52d315a3fe7a746a6a1fb689990dd49fb0d248c3bb0faf0985c8d6417443,899ebc719974725c81f8c2171d28c7b0f7b48e2d386515feb16001fe4ff66cc5,64ae2c3a7474c7ac6d58e549752f09b71ea0fe57fc1515fdd872fc34470f897e,323c54660beecf392367d5b04f0be03fdcc256d84d16dfb78c446b384df3645e,0.6628428927680798,0.4752042097361589,0.1138915074128031,0.0,0.00016261941872180996,0.0
dermamnist_456_archive_uniform_full_4,dermamnist,456,uniform_full,4,0,,59d8827412f87a87de356f05fa3e91deaa588c9206fa13c75c64e90a9d5aad13,64ae2c3a7474c7ac6d58e549752f09b71ea0fe57fc1515fdd872fc34470f897e,323c54660beecf392367d5b04f0be03fdcc256d84d16dfb78c446b384df3645e,0.6169576059850375,0.6141385778208787,0.1458872067826153,dermamnist_456_saved_uniform_full_4,895004,26662c289f8aacf51dfba84717d21f572cee4b91358a3b37120b15d3630a0fed,f3307ae7006599c6754df273de53abef4b1b3ba3cd2a9e3404be5dc92abc0279,64ae2c3a7474c7ac6d58e549752f09b71ea0fe57fc1515fdd872fc34470f897e,323c54660beecf392367d5b04f0be03fdcc256d84d16dfb78c446b384df3645e,0.6154613466334165,0.6140547315092565,0.1456569365077139,-0.0014962593516210099,-8.384631162217104e-05,-0.00023027027490138408
dermamnist_456_archive_rotated_uniform_4,dermamnist,456,rotated_uniform,4,0,,40cef282f96e00097d52c0bee5fc5fe531cbcbcfa700840197241f57bc100495,64ae2c3a7474c7ac6d58e549752f09b71ea0fe57fc1515fdd872fc34470f897e,323c54660beecf392367d5b04f0be03fdcc256d84d16dfb78c446b384df3645e,0.5351620947630923,0.7146179245157616,0.2516564379541565,dermamnist_456_saved_rotated_uniform_4,894980,896020e3dfe19239bdca0372c701a951793a264ee171b863809629f1bf443723,ba5bffebfa12f0b112e105b81b4b94d4776fd46ddc4d77e2a5a5b1f99a637856,64ae2c3a7474c7ac6d58e549752f09b71ea0fe57fc1515fdd872fc34470f897e,323c54660beecf392367d5b04f0be03fdcc256d84d16dfb78c446b384df3645e,0.5351620947630923,0.7139093429616157,0.2518617644062563,0.0,-0.0007085815541458818,0.0002053264520998077
dermamnist_456_archive_normal_codebook_4,dermamnist,456,normal_codebook,4,0,,fabd4da936ce7e2b741f8632d99cbd20284a2a939479209111a1929bb6c78ec0,64ae2c3a7474c7ac6d58e549752f09b71ea0fe57fc1515fdd872fc34470f897e,323c54660beecf392367d5b04f0be03fdcc256d84d16dfb78c446b384df3645e,0.6458852867830424,0.6004308851719232,0.1202133837447797,dermamnist_456_saved_normal_codebook_4,895956,88898dd1375caaaaf43e295546f02380c233496d1e4806c2114843af8e86689d,5823e7f014c6bbb9edde5635aa1008358cb1840c3274923674903d6987f017e9,64ae2c3a7474c7ac6d58e549752f09b71ea0fe57fc1515fdd872fc34470f897e,323c54660beecf392367d5b04f0be03fdcc256d84d16dfb78c446b384df3645e,0.6458852867830424,0.6007960563357144,0.1202133837447797,0.0,0.0003651711637912003,0.0
dermamnist_456_archive_rotated_normal_codebook_4,dermamnist,456,rotated_normal_codebook,4,0,,c25a48dc7c0cf1c97a3f29e11db9a4d8bee4e00c68690cf0ed779521a93a50be,64ae2c3a7474c7ac6d58e549752f09b71ea0fe57fc1515fdd872fc34470f897e,323c54660beecf392367d5b04f0be03fdcc256d84d16dfb78c446b384df3645e,0.6688279301745635,0.639109375396198,0.1145077277773033,dermamnist_456_saved_rotated_normal_codebook_4,895937,56b41d5c8b07237d3d616e12b76da38d6803b9b2205de3a0d99a5d7e6327a688,343b8636a7a4749f162c2b2ec4bf6fc4ce23863f4427580cb766c4fbe83a8763,64ae2c3a7474c7ac6d58e549752f09b71ea0fe57fc1515fdd872fc34470f897e,323c54660beecf392367d5b04f0be03fdcc256d84d16dfb78c446b384df3645e,0.6688279301745635,0.6386971973268399,0.1145077277773033,0.0,-0.00041217806935811563,0.0
pathmnist_123_archive_fp32_32,pathmnist,123,fp32,32,0,,5f26ff5f751f3a16e96e59532470583d57b6c779d17f82af8da0bf27bd8463b1,34da9da67fa45795b9b8929c57694772282eb2e017dd76f16b290d0b01b16f3b,d3dfa8f9d5603ea47d2a1a033a45d17426b0b5c08da631a0ad4eb45e37e3fe9d,0.8945682451253482,0.9896060524106276,0.8654283618992423,pathmnist_123_saved_fp32_32,6188065,d65b5d9838c08ecbfd736d036227f1a778077e226f2c39c6d8db6bdcb82342f3,5f26ff5f751f3a16e96e59532470583d57b6c779d17f82af8da0bf27bd8463b1,34da9da67fa45795b9b8929c57694772282eb2e017dd76f16b290d0b01b16f3b,d3dfa8f9d5603ea47d2a1a033a45d17426b0b5c08da631a0ad4eb45e37e3fe9d,0.8945682451253482,0.9896060524106276,0.8654283618992423,0.0,0.0,0.0
pathmnist_123_archive_fp16_16,pathmnist,123,fp16,16,0,,59a431cbb20df0a44ef7efb25a8aa69062383c81216bbf47c5f83c10546de090,34da9da67fa45795b9b8929c57694772282eb2e017dd76f16b290d0b01b16f3b,d3dfa8f9d5603ea47d2a1a033a45d17426b0b5c08da631a0ad4eb45e37e3fe9d,0.8944289693593315,0.9895770268931722,0.8652841246640404,pathmnist_123_saved_fp16_16,3133822,a6a64309a30b335aa5249382fc5aaa10f047ace269fe193152da56dea604e35a,f0569ff305e10190ae0aa840bda8be0bf956fcda2ecc487d76419bca575f4ef0,34da9da67fa45795b9b8929c57694772282eb2e017dd76f16b290d0b01b16f3b,d3dfa8f9d5603ea47d2a1a033a45d17426b0b5c08da631a0ad4eb45e37e3fe9d,0.8945682451253482,0.989628485128302,0.8653726413314168,0.00013927576601668878,5.145823512986425e-05,8.851666737641484e-05
pathmnist_123_archive_int8_minmax_8,pathmnist,123,int8_minmax,8,0,,e4d91093f1ea72116ebb4bf148ceddd578404949ad3d4f734d84bbff83d3c90c,34da9da67fa45795b9b8929c57694772282eb2e017dd76f16b290d0b01b16f3b,d3dfa8f9d5603ea47d2a1a033a45d17426b0b5c08da631a0ad4eb45e37e3fe9d,0.8945682451253482,0.988555259057284,0.8648191815942259,pathmnist_123_saved_int8_minmax_8,1647480,9e7355d081362ab140491549a0f258cbd44aea9227590253e48bb9a16ad65357,aafa5acc1648849fae1f3f6ed3332b5945e21d08050cdf2b244e297fc334067e,34da9da67fa45795b9b8929c57694772282eb2e017dd76f16b290d0b01b16f3b,d3dfa8f9d5603ea47d2a1a033a45d17426b0b5c08da631a0ad4eb45e37e3fe9d,0.8958217270194986,0.98865737214553,0.8662973166163962,0.001253481894150421,0.00010211308824592535,0.0014781350221703127
pathmnist_123_archive_uniform_full_2,pathmnist,123,uniform_full,2,0,,84f1d3a3e5b202b4e79fe9e100b86dea16ba6650c7285982ad073be464289ff5,34da9da67fa45795b9b8929c57694772282eb2e017dd76f16b290d0b01b16f3b,d3dfa8f9d5603ea47d2a1a033a45d17426b0b5c08da631a0ad4eb45e37e3fe9d,0.0767409470752089,0.4816451094603569,0.0663129497096955,pathmnist_123_saved_uniform_full_2,521721,3e524f19ad09c8f2223f04f5182c3062ff320e5d7f879d815d0d0399d485eaef,b251709ad3a850cd58f56ca02445d675c5c709064ad7aaa4de57a7d9f474ec76,34da9da67fa45795b9b8929c57694772282eb2e017dd76f16b290d0b01b16f3b,d3dfa8f9d5603ea47d2a1a033a45d17426b0b5c08da631a0ad4eb45e37e3fe9d,0.0785515320334261,0.4824212990623923,0.0670415634668802,0.001810584958217204,0.0007761896020354042,0.0007286137571846929
pathmnist_123_archive_rotated_normal_codebook_2,pathmnist,123,rotated_normal_codebook,2,0,,699ff9e593f30956932a1a286eb90f2f5b80ff9c52df4a613738a3000a11999e,34da9da67fa45795b9b8929c57694772282eb2e017dd76f16b290d0b01b16f3b,d3dfa8f9d5603ea47d2a1a033a45d17426b0b5c08da631a0ad4eb45e37e3fe9d,0.144150417827298,0.4167879725900585,0.0283146620706635,pathmnist_123_saved_rotated_normal_codebook_2,522656,5ffecb4cade7a12ecf5e7a9d758675b60af947e92e562fd6df10520ad425fb14,39f36b36ce8b4200068aac89cad697072f2f511710b5423e1cdfa5f5ac67bf36,34da9da67fa45795b9b8929c57694772282eb2e017dd76f16b290d0b01b16f3b,d3dfa8f9d5603ea47d2a1a033a45d17426b0b5c08da631a0ad4eb45e37e3fe9d,0.144150417827298,0.4167616665309549,0.0283286118980169,0.0,-2.6306059103586854e-05,1.394982735340028e-05
pathmnist_123_archive_uniform_full_3,pathmnist,123,uniform_full,3,0,,70856ac1afa85acb4a00ffb05f124abbf3c15e7dce686b5ea3e575c44609be4c,34da9da67fa45795b9b8929c57694772282eb2e017dd76f16b290d0b01b16f3b,d3dfa8f9d5603ea47d2a1a033a45d17426b0b5c08da631a0ad4eb45e37e3fe9d,0.097075208913649,0.4933091655473617,0.0563198659309793,pathmnist_123_saved_uniform_full_3,709388,595a5e1621404ba2cc415a2d70b66dee510fbd85dc0146aba7cb807cf535f639,0a312cdb4d714b6c58b46a82331a8cb54910d442e4d700a592d6f27d8a5ed697,34da9da67fa45795b9b8929c57694772282eb2e017dd76f16b290d0b01b16f3b,d3dfa8f9d5603ea47d2a1a033a45d17426b0b5c08da631a0ad4eb45e37e3fe9d,0.0973537604456824,0.4933454905732281,0.0564019678077786,0.0002785515320334053,3.632502586636832e-05,8.210187679930092e-05
pathmnist_123_archive_rotated_normal_codebook_3,pathmnist,123,rotated_normal_codebook,3,0,,2679475e658602518ad139c64eae98170fd4243a6cf6f81d8df67e7fbafe4b2b,34da9da67fa45795b9b8929c57694772282eb2e017dd76f16b290d0b01b16f3b,d3dfa8f9d5603ea47d2a1a033a45d17426b0b5c08da631a0ad4eb45e37e3fe9d,0.0472144846796657,0.5746139438569117,0.0100190628186372,pathmnist_123_saved_rotated_normal_codebook_3,710322,5acb91a1566228765f7cf7a8c7666087c310454cf661de8377272533e14b511e,aad1b1261ee4c863e3f06357f9a8bf36b9a605f77a1dbda794abafcad5ae2851,34da9da67fa45795b9b8929c57694772282eb2e017dd76f16b290d0b01b16f3b,d3dfa8f9d5603ea47d2a1a033a45d17426b0b5c08da631a0ad4eb45e37e3fe9d,0.0472144846796657,0.5743836667785455,0.0100190628186372,0.0,-0.00023027707836620337,0.0
pathmnist_123_archive_uniform_full_4,pathmnist,123,uniform_full,4,0,,b00175899edcd811290094acc496e714a411438e5b5daf60a0242f3a2cb5cc5c,34da9da67fa45795b9b8929c57694772282eb2e017dd76f16b290d0b01b16f3b,d3dfa8f9d5603ea47d2a1a033a45d17426b0b5c08da631a0ad4eb45e37e3fe9d,0.4353760445682451,0.813989042087273,0.3884217839901066,pathmnist_123_saved_uniform_full_4,897060,bce1591a1d22014ae267535381cec989180d4d1d03addb870764dd7756ffa116,9106751cb286e2f674112aec60e5b4f3721cfd846fb2a1373126db4753e17fc2,34da9da67fa45795b9b8929c57694772282eb2e017dd76f16b290d0b01b16f3b,d3dfa8f9d5603ea47d2a1a033a45d17426b0b5c08da631a0ad4eb45e37e3fe9d,0.4345403899721448,0.8130728731640192,0.3875005840071661,-0.0008356545961002992,-0.0009161689232537462,-0.0009211999829404904
pathmnist_123_archive_rotated_uniform_4,pathmnist,123,rotated_uniform,4,0,,2d0579181be2164ce3aea2bfe8b83d6a84c09ab88a148cb68b631b3f97987b6b,34da9da67fa45795b9b8929c57694772282eb2e017dd76f16b290d0b01b16f3b,d3dfa8f9d5603ea47d2a1a033a45d17426b0b5c08da631a0ad4eb45e37e3fe9d,0.6622562674094707,0.922772753635128,0.5863794803466178,pathmnist_123_saved_rotated_uniform_4,897036,5cdf12a4a628012fdaf03f4bccf1390abb3e9c2be91421369274856c470c9ba5,b7d1133419e0d2b6afa888d8e9228c05b01fd4bfd2b9920624205df37d22bbb7,34da9da67fa45795b9b8929c57694772282eb2e017dd76f16b290d0b01b16f3b,d3dfa8f9d5603ea47d2a1a033a45d17426b0b5c08da631a0ad4eb45e37e3fe9d,0.6615598885793872,0.922097857341465,0.5860063050687908,-0.0006963788300835549,-0.0006748962936630187,-0.000373175277826987
pathmnist_123_archive_normal_codebook_4,pathmnist,123,normal_codebook,4,0,,572dbebf3cc1593982c0a1a05774cd4e14d7565548ec68448b6b90ce1a5f4efe,34da9da67fa45795b9b8929c57694772282eb2e017dd76f16b290d0b01b16f3b,d3dfa8f9d5603ea47d2a1a033a45d17426b0b5c08da631a0ad4eb45e37e3fe9d,0.0484679665738161,0.6785186574388875,0.0119327539628291,pathmnist_123_saved_normal_codebook_4,898011,52b7d809f239d42c0f7e6dc77c75f346dcb47f4311363f5fdd50fb777fd36b36,605b62031536c80737b7534971026e2a8d91e0c9084a9ce8ff7269fac4bf4742,34da9da67fa45795b9b8929c57694772282eb2e017dd76f16b290d0b01b16f3b,d3dfa8f9d5603ea47d2a1a033a45d17426b0b5c08da631a0ad4eb45e37e3fe9d,0.0487465181058495,0.6782359231822498,0.0123335337504197,0.0002785515320333984,-0.0002827342566377178,0.00040077978759059905
pathmnist_123_archive_rotated_normal_codebook_4,pathmnist,123,rotated_normal_codebook,4,0,,37247ffcd057508591c16b1a14696fafa117e7f891357fbfac87fc56fb771e26,34da9da67fa45795b9b8929c57694772282eb2e017dd76f16b290d0b01b16f3b,d3dfa8f9d5603ea47d2a1a033a45d17426b0b5c08da631a0ad4eb45e37e3fe9d,0.0519498607242339,0.6804574053963603,0.0208455904687466,pathmnist_123_saved_rotated_normal_codebook_4,897992,5c3e31f45a92ff94a947b5458d44f6fa04bb940f66aa76a4ca772e6e99b1eac3,1bfb91f3fdb7bffc5ca61ad5b1d9f483aca7149c3f9a7991df738176ffdedd90,34da9da67fa45795b9b8929c57694772282eb2e017dd76f16b290d0b01b16f3b,d3dfa8f9d5603ea47d2a1a033a45d17426b0b5c08da631a0ad4eb45e37e3fe9d,0.0519498607242339,0.6804748230798671,0.0208590221592285,0.0,1.7417683506715242e-05,1.34316904818986e-05
pathmnist_42_archive_fp32_32,pathmnist,42,fp32,32,0,,1e937d322eb9c2085c31731ceba35421acfb0d77464c59cfc2fdaef54d017303,f293f979bed796195b85b18c22479a0de8fc2e98dba2cd1dad5b97f4258645a0,d3dfa8f9d5603ea47d2a1a033a45d17426b0b5c08da631a0ad4eb45e37e3fe9d,0.9005571030640669,0.9912022128885676,0.8690900924378954,pathmnist_42_saved_fp32_32,6188065,8bc0c04585809a82fcee3994fa7a50cae1ef90b591e250f759573fc3c8eb5455,1e937d322eb9c2085c31731ceba35421acfb0d77464c59cfc2fdaef54d017303,f293f979bed796195b85b18c22479a0de8fc2e98dba2cd1dad5b97f4258645a0,d3dfa8f9d5603ea47d2a1a033a45d17426b0b5c08da631a0ad4eb45e37e3fe9d,0.9005571030640669,0.9912022128885676,0.8690900924378954,0.0,0.0,0.0
pathmnist_42_archive_fp16_16,pathmnist,42,fp16,16,0,,3c45e017b3302cfb4cef07699afa77d583dc6d02857c0db8ca59acdcb9e32e8c,f293f979bed796195b85b18c22479a0de8fc2e98dba2cd1dad5b97f4258645a0,d3dfa8f9d5603ea47d2a1a033a45d17426b0b5c08da631a0ad4eb45e37e3fe9d,0.8997214484679665,0.9911536889679794,0.8680834398175767,pathmnist_42_saved_fp16_16,3133822,6682454af87155076317aae64d19d9d6918b73840b6733d3003d36998103ee9f,d9ef25a6f99073f15961193efa9996bd8a832b5c4b3f6e7e9ec79e4adf3cb2c8,f293f979bed796195b85b18c22479a0de8fc2e98dba2cd1dad5b97f4258645a0,d3dfa8f9d5603ea47d2a1a033a45d17426b0b5c08da631a0ad4eb45e37e3fe9d,0.8994428969359332,0.99108894386308,0.8677758375508312,-0.00027855153203337757,-6.474510489939966e-05,-0.0003076022667455325
pathmnist_42_archive_int8_minmax_8,pathmnist,42,int8_minmax,8,0,,0e224f299fabcb692f6eebe4322caa8e379c050baaef074f844d7f53fbcce3a5,f293f979bed796195b85b18c22479a0de8fc2e98dba2cd1dad5b97f4258645a0,d3dfa8f9d5603ea47d2a1a033a45d17426b0b5c08da631a0ad4eb45e37e3fe9d,0.897075208913649,0.9910962936159764,0.8679875779346095,pathmnist_42_saved_int8_minmax_8,1647480,a672977bc940dff48841913b438eb0361731559b010965b3fd004e07f6cc7178,e782f31fba35930b93223c10302d1a1951fe80c94e436949bf7a46486925f722,f293f979bed796195b85b18c22479a0de8fc2e98dba2cd1dad5b97f4258645a0,d3dfa8f9d5603ea47d2a1a033a45d17426b0b5c08da631a0ad4eb45e37e3fe9d,0.8966573816155989,0.9910454792141274,0.867549842629546,-0.00041782729805006635,-5.081440184895314e-05,-0.0004377353050634136
pathmnist_42_archive_uniform_full_2,pathmnist,42,uniform_full,2,0,,746fd884f3dee4a001c9993e4dbe54ade3b214a839c331faab63d0bd1ac8031c,f293f979bed796195b85b18c22479a0de8fc2e98dba2cd1dad5b97f4258645a0,d3dfa8f9d5603ea47d2a1a033a45d17426b0b5c08da631a0ad4eb45e37e3fe9d,0.1240947075208913,0.5030738376364656,0.1005219647559518,pathmnist_42_saved_uniform_full_2,521721,4916c7a6401c04dd68aa4f66cba01fa746952acac9caae328867b3d61ef49d57,6db6bdf708f478ae72b456373c186bb2ad1b790ad48faa8ee4e28508a8fcb929,f293f979bed796195b85b18c22479a0de8fc2e98dba2cd1dad5b97f4258645a0,d3dfa8f9d5603ea47d2a1a033a45d17426b0b5c08da631a0ad4eb45e37e3fe9d,0.1235376044568245,0.5023257069234892,0.0986848249960442,-0.0005571030640667968,-0.0007481307129764136,-0.0018371397599076106
pathmnist_42_archive_rotated_normal_codebook_2,pathmnist,42,rotated_normal_codebook,2,0,,36b3cc2f235189b636f53548e6fc31c4013350c9f2196c307219a5d1e61250da,f293f979bed796195b85b18c22479a0de8fc2e98dba2cd1dad5b97f4258645a0,d3dfa8f9d5603ea47d2a1a033a45d17426b0b5c08da631a0ad4eb45e37e3fe9d,0.0396935933147632,0.3476142221962535,0.026554944318884,pathmnist_42_saved_rotated_normal_codebook_2,522657,53bd9fc782c63d70571579a40d71ca17850635635e93915bb12cc429cf45e50d,237d58edd64f03f52899f35a13b4765fede8b12561ab397c2b1523db9feb57a3,f293f979bed796195b85b18c22479a0de8fc2e98dba2cd1dad5b97f4258645a0,d3dfa8f9d5603ea47d2a1a033a45d17426b0b5c08da631a0ad4eb45e37e3fe9d,0.0413649025069637,0.347666893117011,0.0271093350543343,0.0016713091922005013,5.267092075750268e-05,0.0005543907354502997
pathmnist_42_archive_uniform_full_3,pathmnist,42,uniform_full,3,0,,376070d6ca12f029b49bae33633eec65ef8405e5754c5b099ccd2d7f262463ae,f293f979bed796195b85b18c22479a0de8fc2e98dba2cd1dad5b97f4258645a0,d3dfa8f9d5603ea47d2a1a033a45d17426b0b5c08da631a0ad4eb45e37e3fe9d,0.0754874651810584,0.4769415741285115,0.0461000565054969,pathmnist_42_saved_uniform_full_3,709388,17fec8f34e1f9cd49292d86c5f13d1d55c929d31dfbb3d359160a960540f329f,026b870dd7e751b8cb55f937780ff0db55a478aa4e7e492c66d2aead0877be4d,f293f979bed796195b85b18c22479a0de8fc2e98dba2cd1dad5b97f4258645a0,d3dfa8f9d5603ea47d2a1a033a45d17426b0b5c08da631a0ad4eb45e37e3fe9d,0.0756267409470752,0.4769968142658877,0.0458617533443957,0.0001392757660167998,5.5240137376177945e-05,-0.00023830316110120403
pathmnist_42_archive_rotated_normal_codebook_3,pathmnist,42,rotated_normal_codebook,3,0,,3cf493775ad1099fb46ee9fea0ee8487b44343b24b0e8977774535355271978c,f293f979bed796195b85b18c22479a0de8fc2e98dba2cd1dad5b97f4258645a0,d3dfa8f9d5603ea47d2a1a033a45d17426b0b5c08da631a0ad4eb45e37e3fe9d,0.117966573816156,0.6707101149833107,0.0235601730156743,pathmnist_42_saved_rotated_normal_codebook_3,710323,ab0d40eee6bb69c8c21fc719a875e60d9a55bf73ccc2bde787a19c3cf7e01366,0bcb2e93dad4f73fbb22682c6823a9062c2092f1c2efced4d5fc9ef60ea43bd8,f293f979bed796195b85b18c22479a0de8fc2e98dba2cd1dad5b97f4258645a0,d3dfa8f9d5603ea47d2a1a033a45d17426b0b5c08da631a0ad4eb45e37e3fe9d,0.117966573816156,0.6708908343886217,0.0235660726458272,0.0,0.00018071940531105835,5.899630152902263e-06
pathmnist_42_archive_uniform_full_4,pathmnist,42,uniform_full,4,0,,83e06656602586710382f1503daba6c0d0cf4d1132798910c9b5eba2abccba30,f293f979bed796195b85b18c22479a0de8fc2e98dba2cd1dad5b97f4258645a0,d3dfa8f9d5603ea47d2a1a033a45d17426b0b5c08da631a0ad4eb45e37e3fe9d,0.6247910863509749,0.9226199432526688,0.5416158554907038,pathmnist_42_saved_uniform_full_4,897060,4e303933f2f6c3b078e3a41d68098fe2d5b72244341fbba3c9a7ac6f90d89d90,490944fa317ee803978f824683056203f7e5c9396d3a15533c122d3ee2eb799a,f293f979bed796195b85b18c22479a0de8fc2e98dba2cd1dad5b97f4258645a0,d3dfa8f9d5603ea47d2a1a033a45d17426b0b5c08da631a0ad4eb45e37e3fe9d,0.6239554317548747,0.9221369466245266,0.5404540031898385,-0.0008356545961002437,-0.0004829966281422182,-0.001161852300865296
pathmnist_42_archive_rotated_uniform_4,pathmnist,42,rotated_uniform,4,0,,d853a11cac4f5f6d5e647a3a28fc595ab7a690997d8dcd1b36aefe193765bc10,f293f979bed796195b85b18c22479a0de8fc2e98dba2cd1dad5b97f4258645a0,d3dfa8f9d5603ea47d2a1a033a45d17426b0b5c08da631a0ad4eb45e37e3fe9d,0.5683844011142062,0.9184015964062586,0.5136416638561706,pathmnist_42_saved_rotated_uniform_4,897036,32db36ff93680644879b68b924a89ccecb3a2d1122ba6e3be52cfa87944670a6,ff3222ef7aa2013396952399e17dbd0fdd1c31bc4cb80545b7f1dfbc655932e4,f293f979bed796195b85b18c22479a0de8fc2e98dba2cd1dad5b97f4258645a0,d3dfa8f9d5603ea47d2a1a033a45d17426b0b5c08da631a0ad4eb45e37e3fe9d,0.5681058495821727,0.9179999849947432,0.5131659578674127,-0.0002785515320334886,-0.00040161141151540125,-0.0004757059887579018
pathmnist_42_archive_normal_codebook_4,pathmnist,42,normal_codebook,4,0,,d4d4be265ea77152b378556e9a1ed42403d6588a2473b0d2c71638875217c628,f293f979bed796195b85b18c22479a0de8fc2e98dba2cd1dad5b97f4258645a0,d3dfa8f9d5603ea47d2a1a033a45d17426b0b5c08da631a0ad4eb45e37e3fe9d,0.1594707520891365,0.7784708249478965,0.0794155609481606,pathmnist_42_saved_normal_codebook_4,898012,6f9920c95e7389984f498569e31fac3338f0056c0bed11371d03a45ccd66e3e5,95fe039d3ff284ce7bee7448a98c730b7327984cc21630f62d6fff27ace37705,f293f979bed796195b85b18c22479a0de8fc2e98dba2cd1dad5b97f4258645a0,d3dfa8f9d5603ea47d2a1a033a45d17426b0b5c08da631a0ad4eb45e37e3fe9d,0.1597493036211699,0.7783591561298896,0.0796138772927423,0.0002785515320334053,-0.00011166881800694917,0.00019831634458170044
pathmnist_42_archive_rotated_normal_codebook_4,pathmnist,42,rotated_normal_codebook,4,0,,a97afc2ef7a2e3520350b8aaaebca8f968cba7aa2c1ad5a54b7e014855cd9215,f293f979bed796195b85b18c22479a0de8fc2e98dba2cd1dad5b97f4258645a0,d3dfa8f9d5603ea47d2a1a033a45d17426b0b5c08da631a0ad4eb45e37e3fe9d,0.1934540389972144,0.8066322499623576,0.1134700550482001,pathmnist_42_saved_rotated_normal_codebook_4,897993,fe32752df2cdf0e2fb13a11dc790a723a1aae863fc4d423657ba35d8e9495c42,430d215aed037decc90e4a22efc12276bc2c7ec9433d92fba139bb48ce0c6c22,f293f979bed796195b85b18c22479a0de8fc2e98dba2cd1dad5b97f4258645a0,d3dfa8f9d5603ea47d2a1a033a45d17426b0b5c08da631a0ad4eb45e37e3fe9d,0.1937325905292479,0.8065448211529321,0.1135322084575422,0.00027855153203351635,-8.74288094254716e-05,6.215340934209723e-05
pathmnist_456_archive_fp32_32,pathmnist,456,fp32,32,0,,7d5a9f31b8172b50fd8bacfe40f1d92249581e32d5b755212888dd6aecea3a69,6c67264d552647758bb2ed518a33782bf190700d31dfdfabbdb7fa6a1a901438,d3dfa8f9d5603ea47d2a1a033a45d17426b0b5c08da631a0ad4eb45e37e3fe9d,0.8998607242339833,0.9910853201828844,0.8713891258001687,pathmnist_456_saved_fp32_32,6188065,fb8e4a79b99a465473084944bc6038a73552c57c9037c813e25ced2a0bdb5346,7d5a9f31b8172b50fd8bacfe40f1d92249581e32d5b755212888dd6aecea3a69,6c67264d552647758bb2ed518a33782bf190700d31dfdfabbdb7fa6a1a901438,d3dfa8f9d5603ea47d2a1a033a45d17426b0b5c08da631a0ad4eb45e37e3fe9d,0.8998607242339833,0.9910853201828844,0.8713891258001687,0.0,0.0,0.0
pathmnist_456_archive_fp16_16,pathmnist,456,fp16,16,0,,f6788c4f5c8acc82f60cdd7f95a1ffeaadd40fc6dff12093e31031c0b8d37a83,6c67264d552647758bb2ed518a33782bf190700d31dfdfabbdb7fa6a1a901438,d3dfa8f9d5603ea47d2a1a033a45d17426b0b5c08da631a0ad4eb45e37e3fe9d,0.8994428969359332,0.9910677705332972,0.8710785514198409,pathmnist_456_saved_fp16_16,3133822,74e014e2dc867b6f6c2e47920e85ce64b21d51abaa64909a19066799e1311014,be996e194cf48e178768f73210ae3de39e49336e0dd861e3fe58cefc75f030e9,6c67264d552647758bb2ed518a33782bf190700d31dfdfabbdb7fa6a1a901438,d3dfa8f9d5603ea47d2a1a033a45d17426b0b5c08da631a0ad4eb45e37e3fe9d,0.9002785515320334,0.9911099166909092,0.8723323392417973,0.0008356545961002437,4.214615761199969e-05,0.001253787821956398
pathmnist_456_archive_int8_minmax_8,pathmnist,456,int8_minmax,8,0,,a0ecf0d16b23749e3b6c20910366d7991fbce5cc5bb8b6721fa2cc460a4c87c7,6c67264d552647758bb2ed518a33782bf190700d31dfdfabbdb7fa6a1a901438,d3dfa8f9d5603ea47d2a1a033a45d17426b0b5c08da631a0ad4eb45e37e3fe9d,0.8941504178272981,0.9903540713320068,0.8626695386825877,pathmnist_456_saved_int8_minmax_8,1647480,ddbb8b87808f2f1bb01041d5ca4bc70a70bc6902273ff3c426539dc7974ce7b1,728772ad58c420323e84b9346122391f102b644d1d54891279302303c15b3f4a,6c67264d552647758bb2ed518a33782bf190700d31dfdfabbdb7fa6a1a901438,d3dfa8f9d5603ea47d2a1a033a45d17426b0b5c08da631a0ad4eb45e37e3fe9d,0.8940111420612813,0.9903870719526238,0.8625339454712807,-0.0001392757660167998,3.300062061695197e-05,-0.00013559321130696134
pathmnist_456_archive_uniform_full_2,pathmnist,456,uniform_full,2,0,,9aeb356bd83fb1295c02d9182b24c3c7315f8103e30168f238571eb17a288598,6c67264d552647758bb2ed518a33782bf190700d31dfdfabbdb7fa6a1a901438,d3dfa8f9d5603ea47d2a1a033a45d17426b0b5c08da631a0ad4eb45e37e3fe9d,0.1133704735376044,0.4978673281977852,0.0688075342622513,pathmnist_456_saved_uniform_full_2,521721,eedab726f71e0dc12ba46ffc98eac26169d9688c53fd16235348338f0542a781,d4cebfca60ea23f5657353c72d5f32dced519505bc8e76328a169048f0ae88b6,6c67264d552647758bb2ed518a33782bf190700d31dfdfabbdb7fa6a1a901438,d3dfa8f9d5603ea47d2a1a033a45d17426b0b5c08da631a0ad4eb45e37e3fe9d,0.114066852367688,0.4984091099756584,0.0695430221650321,0.0006963788300835966,0.0005417817778732292,0.0007354879027808015
pathmnist_456_archive_rotated_normal_codebook_2,pathmnist,456,rotated_normal_codebook,2,0,,91dda39b740202994038822ba03ee4a80c9d596703e90fbad1b65acc4e00418e,6c67264d552647758bb2ed518a33782bf190700d31dfdfabbdb7fa6a1a901438,d3dfa8f9d5603ea47d2a1a033a45d17426b0b5c08da631a0ad4eb45e37e3fe9d,0.0472144846796657,0.433635768202881,0.0100190628186372,pathmnist_456_saved_rotated_normal_codebook_2,522657,b5cd71028fd7571ebb8c38f267224f02f948264694d0375b0fdea33e977024ae,b1326f1b4ce1512b23216aefb5dd8088f128a03da90d018933f6e66a7a9d4087,6c67264d552647758bb2ed518a33782bf190700d31dfdfabbdb7fa6a1a901438,d3dfa8f9d5603ea47d2a1a033a45d17426b0b5c08da631a0ad4eb45e37e3fe9d,0.0472144846796657,0.4334266154412652,0.0100190628186372,0.0,-0.0002091527616158162,0.0
pathmnist_456_archive_uniform_full_3,pathmnist,456,uniform_full,3,0,,fbc7e86bb581dc0279249f5bc82619f31e226f5f4f11e04f2663ac3822ba0f24,6c67264d552647758bb2ed518a33782bf190700d31dfdfabbdb7fa6a1a901438,d3dfa8f9d5603ea47d2a1a033a45d17426b0b5c08da631a0ad4eb45e37e3fe9d,0.13008356545961,0.5093092940309062,0.0779006028866991,pathmnist_456_saved_uniform_full_3,709388,3cc4ef38cf7df14c4c96a6a1402c350430655c37c6335a3d4fac58bf460f37e3,c7de407509b49116a28ca84afeea3aeaf32e762264d12dbd240f73cf8bc96fb0,6c67264d552647758bb2ed518a33782bf190700d31dfdfabbdb7fa6a1a901438,d3dfa8f9d5603ea47d2a1a033a45d17426b0b5c08da631a0ad4eb45e37e3fe9d,0.1302228412256267,0.5098362783095903,0.0779515625743412,0.00013927576601668878,0.0005269842786841394,5.095968764209924e-05
pathmnist_456_archive_rotated_normal_codebook_3,pathmnist,456,rotated_normal_codebook,3,0,,8d0f96ba24240d4754dbbe3ed34b1f7fd9b3f2c434973c63db6eeae07f65b4aa,6c67264d552647758bb2ed518a33782bf190700d31dfdfabbdb7fa6a1a901438,d3dfa8f9d5603ea47d2a1a033a45d17426b0b5c08da631a0ad4eb45e37e3fe9d,0.1337047353760445,0.6609147105621095,0.0505992547957106,pathmnist_456_saved_rotated_normal_codebook_3,710323,1e56f9597d0cbd3a7be3ae41a3c1fa6631d1d9a17c7bbd3adddd5dc22c1a9e79,5c3ed51f5e4bfdabf0e03f386a9355c5a4e209ae9e9f5a4a1c8b719fa8f998c3,6c67264d552647758bb2ed518a33782bf190700d31dfdfabbdb7fa6a1a901438,d3dfa8f9d5603ea47d2a1a033a45d17426b0b5c08da631a0ad4eb45e37e3fe9d,0.1337047353760445,0.6610900326729674,0.0507073381894685,0.0,0.00017532211085791172,0.00010808339375790316
pathmnist_456_archive_uniform_full_4,pathmnist,456,uniform_full,4,0,,de3ee52f65e85eb37651639236589eaaac157b5f07cb77e0c56d5bb99f5db681,6c67264d552647758bb2ed518a33782bf190700d31dfdfabbdb7fa6a1a901438,d3dfa8f9d5603ea47d2a1a033a45d17426b0b5c08da631a0ad4eb45e37e3fe9d,0.3394150417827298,0.7268293792713446,0.3170693684110653,pathmnist_456_saved_uniform_full_4,897060,863b51db967be230e4297d3445d08b7b75bed184be2c348ed1e00bdae8cbcd21,7e0059902e1ef4a6e5392c769979d2689c6c7c2ae92b3f3a3e1d45cf9982217f,6c67264d552647758bb2ed518a33782bf190700d31dfdfabbdb7fa6a1a901438,d3dfa8f9d5603ea47d2a1a033a45d17426b0b5c08da631a0ad4eb45e37e3fe9d,0.3383008356545961,0.7264781119266558,0.3165146184833398,-0.0011142061281336768,-0.0003512673446888215,-0.0005547499277255286
pathmnist_456_archive_rotated_uniform_4,pathmnist,456,rotated_uniform,4,0,,26d86bf67f44e661f577ee87b07956bb104604c6970d2c910f0df0a26851ca51,6c67264d552647758bb2ed518a33782bf190700d31dfdfabbdb7fa6a1a901438,d3dfa8f9d5603ea47d2a1a033a45d17426b0b5c08da631a0ad4eb45e37e3fe9d,0.365041782729805,0.829461681604463,0.2976625682888277,pathmnist_456_saved_rotated_uniform_4,897036,ebb747b3e638c60646bc452c4880e0bdb77d6e8c4fab7d6b962bf320fa19349c,3a7d2343065d91884c1f53175abb8c5f22a395c91af16e8285c42e5bedc1f1e9,6c67264d552647758bb2ed518a33782bf190700d31dfdfabbdb7fa6a1a901438,d3dfa8f9d5603ea47d2a1a033a45d17426b0b5c08da631a0ad4eb45e37e3fe9d,0.3651810584958217,0.8297602875043174,0.2976054616976462,0.0001392757660167443,0.00029860589985442054,-5.7106591181521615e-05
pathmnist_456_archive_normal_codebook_4,pathmnist,456,normal_codebook,4,0,,1dd5500c6086fa66a547649d510c77e3d304eaa43c0dbe6fac026d8bf7f37c6a,6c67264d552647758bb2ed518a33782bf190700d31dfdfabbdb7fa6a1a901438,d3dfa8f9d5603ea47d2a1a033a45d17426b0b5c08da631a0ad4eb45e37e3fe9d,0.1472144846796657,0.7666247096426883,0.0535256263542948,pathmnist_456_saved_normal_codebook_4,898012,73a9a7ccf1715df1b37ca011a0599f917220ab8d77c1f929052105d0919d0a1b,70544c7607c14437ebb35cf439228047835e41759fff7f63b76559a49f382a28,6c67264d552647758bb2ed518a33782bf190700d31dfdfabbdb7fa6a1a901438,d3dfa8f9d5603ea47d2a1a033a45d17426b0b5c08da631a0ad4eb45e37e3fe9d,0.1472144846796657,0.7666446896248602,0.0535686368169781,0.0,1.9979982171958177e-05,4.30104626832975e-05
pathmnist_456_archive_rotated_normal_codebook_4,pathmnist,456,rotated_normal_codebook,4,0,,c0025324872af917b659ee449315fd70a87e106426f3f1f9fc1bd96fbbb73bc2,6c67264d552647758bb2ed518a33782bf190700d31dfdfabbdb7fa6a1a901438,d3dfa8f9d5603ea47d2a1a033a45d17426b0b5c08da631a0ad4eb45e37e3fe9d,0.1569637883008356,0.7738169405255022,0.0570624933661132,pathmnist_456_saved_rotated_normal_codebook_4,897993,21209369aa5b717cc0ef573008a676cbcc263f95f9c6e07b655dfb07e7aa4a08,08e66dee2eb3495828ba770cae4913d002ff0e5e8a33492ae61bcef6c9289da0,6c67264d552647758bb2ed518a33782bf190700d31dfdfabbdb7fa6a1a901438,d3dfa8f9d5603ea47d2a1a033a45d17426b0b5c08da631a0ad4eb45e37e3fe9d,0.1569637883008356,0.7740312767121074,0.0570452884005136,0.0,0.0002143361866051574,-1.7204965599600108e-05
pneumoniamnist_123_archive_fp32_32,pneumoniamnist,123,fp32,32,0,,49df00f45d705e42e3f6a2fb666ff6c990b9e7559b21f4463ed939dde44dce3d,9ca190c298c12707025f3be88d9a00e22c535a23680d74ab7483ed7af1e1ea3e,dbab670e7490711b42553ac082d482e40057e9abe466fece088cbd382937df6d,0.8798076923076923,0.960963182117028,0.8611008057934022,pneumoniamnist_123_saved_fp32_32,6158199,f79babb07badd53e310754b18de90a826a1274a85a5bad883f5d4ff14403e278,49df00f45d705e42e3f6a2fb666ff6c990b9e7559b21f4463ed939dde44dce3d,9ca190c298c12707025f3be88d9a00e22c535a23680d74ab7483ed7af1e1ea3e,dbab670e7490711b42553ac082d482e40057e9abe466fece088cbd382937df6d,0.8798076923076923,0.960963182117028,0.8611008057934022,0.0,0.0,0.0
pneumoniamnist_123_archive_fp16_16,pneumoniamnist,123,fp16,16,0,,4af227f6074bcb32407384149416bd1255cc74d7deb96ca44d379c5f356907b6,9ca190c298c12707025f3be88d9a00e22c535a23680d74ab7483ed7af1e1ea3e,dbab670e7490711b42553ac082d482e40057e9abe466fece088cbd382937df6d,0.8798076923076923,0.9610727591496822,0.8611008057934022,pneumoniamnist_123_saved_fp16_16,3118886,7d360c7239e22a77a3dc3890305a0522caa4e5f739c5a7efd6d8e8fca4ef7f8d,764f07bc0066483911e018bb66122e2143b79bb458ce4211bd34f7e592bf2916,9ca190c298c12707025f3be88d9a00e22c535a23680d74ab7483ed7af1e1ea3e,dbab670e7490711b42553ac082d482e40057e9abe466fece088cbd382937df6d,0.8798076923076923,0.9611056322594784,0.8611008057934022,0.0,3.2873109796272004e-05,0.0
pneumoniamnist_123_archive_int8_minmax_8,pneumoniamnist,123,int8_minmax,8,0,,1949849b8967cf112d9c9d265f1cb1990d14d2b417cb8037be70bb2745807112,9ca190c298c12707025f3be88d9a00e22c535a23680d74ab7483ed7af1e1ea3e,dbab670e7490711b42553ac082d482e40057e9abe466fece088cbd382937df6d,0.8637820512820513,0.9586127547666008,0.8408196706551783,pneumoniamnist_123_saved_int8_minmax_8,1640017,b01acf0899e59e7149b78c8e27f596d863830b2f720446363218aa6d6813291c,38412e133eeb0a5029774ac8f575512d5cb902e90792b3ad659f595d85863524,9ca190c298c12707025f3be88d9a00e22c535a23680d74ab7483ed7af1e1ea3e,dbab670e7490711b42553ac082d482e40057e9abe466fece088cbd382937df6d,0.8637820512820513,0.9597797501643656,0.8408196706551783,0.0,0.0011669953977647696,0.0
pneumoniamnist_123_archive_uniform_full_2,pneumoniamnist,123,uniform_full,2,0,,47b88664f43fff3973c3e6abc43f14fc37a52acb850cdc1ddd657334486d004b,9ca190c298c12707025f3be88d9a00e22c535a23680d74ab7483ed7af1e1ea3e,dbab670e7490711b42553ac082d482e40057e9abe466fece088cbd382937df6d,0.625,0.5,0.3846153846153846,pneumoniamnist_123_saved_uniform_full_2,514448,484bfedd9dfcdf1c97b3abea6ef4e0dc3810d829069085dce62a785b0d62d1c8,2539bd8fba1b89c1b6df9439fed9b84655f28a1032e4960a4e26e38007ea263e,9ca190c298c12707025f3be88d9a00e22c535a23680d74ab7483ed7af1e1ea3e,dbab670e7490711b42553ac082d482e40057e9abe466fece088cbd382937df6d,0.625,0.5,0.3846153846153846,0.0,0.0,0.0
pneumoniamnist_123_archive_rotated_normal_codebook_2,pneumoniamnist,123,rotated_normal_codebook,2,0,,c6bfc8441b3134a19a9d2fe986d37277a77fadf01234cd81d0fa14577936a070,9ca190c298c12707025f3be88d9a00e22c535a23680d74ab7483ed7af1e1ea3e,dbab670e7490711b42553ac082d482e40057e9abe466fece088cbd382937df6d,0.625,0.3919460880999343,0.3846153846153846,pneumoniamnist_123_saved_rotated_normal_codebook_2,515376,d4b0fe4fdf6ecc1de3711027246894628abab3e9a82381053c249bc78b4f2972,630c287280f92ebf4c1e75f5ed85d38987ac82f040c47352cafa0e92c5087ab3,9ca190c298c12707025f3be88d9a00e22c535a23680d74ab7483ed7af1e1ea3e,dbab670e7490711b42553ac082d482e40057e9abe466fece088cbd382937df6d,0.625,0.390264080648696,0.3846153846153846,0.0,-0.0016820074512383099,0.0
pneumoniamnist_123_archive_uniform_full_3,pneumoniamnist,123,uniform_full,3,0,,43e16510becb2092693f0850f2a68b5d663b77362723f99d4064132819f348d5,9ca190c298c12707025f3be88d9a00e22c535a23680d74ab7483ed7af1e1ea3e,dbab670e7490711b42553ac082d482e40057e9abe466fece088cbd382937df6d,0.6217948717948718,0.3677076484768793,0.383399209486166,pneumoniamnist_123_saved_uniform_full_3,702083,d91768661331ba6107710e168017749cb8d55e4e71ce5288d5b23181eb1156a9,e3b79f99b07d17c0734b7f5d62512df384cbca2cf5cb04b6d6b7c8ab0c912c87,9ca190c298c12707025f3be88d9a00e22c535a23680d74ab7483ed7af1e1ea3e,dbab670e7490711b42553ac082d482e40057e9abe466fece088cbd382937df6d,0.6217948717948718,0.3638998465921543,0.383399209486166,0.0,-0.003807801884725015,0.0
pneumoniamnist_123_archive_rotated_normal_codebook_3,pneumoniamnist,123,rotated_normal_codebook,3,0,,4e980233d9086774560b99064aa00a0e013b8bfdb0e38a98e5324d26832fc6b1,9ca190c298c12707025f3be88d9a00e22c535a23680d74ab7483ed7af1e1ea3e,dbab670e7490711b42553ac082d482e40057e9abe466fece088cbd382937df6d,0.625,0.476342318650011,0.3846153846153846,pneumoniamnist_123_saved_rotated_normal_codebook_3,703010,fcb92c327a74b0cea1ede5037c26f70f472b4b72f7214a1c5a7a1a62960d9b4f,dcb1f9556b3bc0dc676fc16300fc37f333bbdb5aa06a017dc6f3304d403bfa4f,9ca190c298c12707025f3be88d9a00e22c535a23680d74ab7483ed7af1e1ea3e,dbab670e7490711b42553ac082d482e40057e9abe466fece088cbd382937df6d,0.625,0.4776791584483892,0.3846153846153846,0.0,0.001336839798378231,0.0
pneumoniamnist_123_archive_uniform_full_4,pneumoniamnist,123,uniform_full,4,0,,cc2d5856af387ee17d594d4d653143d4bf3ccfb07986528df85b4a12217ab21f,9ca190c298c12707025f3be88d9a00e22c535a23680d74ab7483ed7af1e1ea3e,dbab670e7490711b42553ac082d482e40057e9abe466fece088cbd382937df6d,0.6073717948717948,0.6172364672364673,0.5925536026011753,pneumoniamnist_123_saved_uniform_full_4,889722,808650c8d7fd772b4f225e955c0e7bcfce7acf6e460e8ef055249afc5c580d7d,253b3f8013b928e885078e9412416517833f505fe8df36c9d66330523f5a492a,9ca190c298c12707025f3be88d9a00e22c535a23680d74ab7483ed7af1e1ea3e,dbab670e7490711b42553ac082d482e40057e9abe466fece088cbd382937df6d,0.6105769230769231,0.6164365548980935,0.5948344275304811,0.0032051282051283048,-0.0007999123383738427,0.0022808249293058136
pneumoniamnist_123_archive_rotated_uniform_4,pneumoniamnist,123,rotated_uniform,4,0,,841bfd4ca0bb7b0411c11417ab254149d2bf4bfae1ca40db8a9bafbd224682d8,9ca190c298c12707025f3be88d9a00e22c535a23680d74ab7483ed7af1e1ea3e,dbab670e7490711b42553ac082d482e40057e9abe466fece088cbd382937df6d,0.8125,0.8665461319307474,0.7815119511837463,pneumoniamnist_123_saved_rotated_uniform_4,889698,6cdbb4b8cedc523a74f6859176f0110f1ccc5c521ce91ee6e465d278e1fd76de,b9dc7729de887f8b63bc6dc12e69f008ec7ea91432e98d1c95ba836c73f1b178,9ca190c298c12707025f3be88d9a00e22c535a23680d74ab7483ed7af1e1ea3e,dbab670e7490711b42553ac082d482e40057e9abe466fece088cbd382937df6d,0.8157051282051282,0.8659872890642122,0.7846383779452413,0.0032051282051281937,-0.0005588428665351808,0.0031264267614949937
pneumoniamnist_123_archive_normal_codebook_4,pneumoniamnist,123,normal_codebook,4,0,,a8113995370b40a7affa55c7ba42f659e68e92a101480d2c75a2aeffe470cc84,9ca190c298c12707025f3be88d9a00e22c535a23680d74ab7483ed7af1e1ea3e,dbab670e7490711b42553ac082d482e40057e9abe466fece088cbd382937df6d,0.625,0.5893491124260355,0.3846153846153846,pneumoniamnist_123_saved_normal_codebook_4,890666,c775d5ac58d9f9fd23cb84c521cbb7415d9c68c42cc88b7a0098a8ee924f6cde,8a56bb115e26535148282b69e35cbf6db256fb422734c12b287cd6956d600476,9ca190c298c12707025f3be88d9a00e22c535a23680d74ab7483ed7af1e1ea3e,dbab670e7490711b42553ac082d482e40057e9abe466fece088cbd382937df6d,0.625,0.5865329826868289,0.3846153846153846,0.0,-0.002816129739206641,0.0
pneumoniamnist_123_archive_rotated_normal_codebook_4,pneumoniamnist,123,rotated_normal_codebook,4,0,,e201579ba6e5a4959c902df3f7a91aad345a4df3cbed69af1a03d022b1c939a4,9ca190c298c12707025f3be88d9a00e22c535a23680d74ab7483ed7af1e1ea3e,dbab670e7490711b42553ac082d482e40057e9abe466fece088cbd382937df6d,0.625,0.6311198772737234,0.3846153846153846,pneumoniamnist_123_saved_rotated_normal_codebook_4,890647,48d61c4d41e2bc977ccc0eacdb9ec82e4a36fdf4e78dfdf0d1327f11962a544b,cd7397eb453f6cdeb09bdc99a8b93d93cfaf8962afdbc966a9828fb67994cbbb,9ca190c298c12707025f3be88d9a00e22c535a23680d74ab7483ed7af1e1ea3e,dbab670e7490711b42553ac082d482e40057e9abe466fece088cbd382937df6d,0.625,0.6312404120096428,0.3846153846153846,0.0,0.00012053473591933095,0.0
pneumoniamnist_42_archive_fp32_32,pneumoniamnist,42,fp32,32,0,,2a1fe2f1420f3cf262edc0dc5f66624ec1053b86b9428632240933d1a5c850f5,d4ac570d8addae46811f0ab67e6f3890b6dbb310f2b0399a5166c00eecd65a8f,dbab670e7490711b42553ac082d482e40057e9abe466fece088cbd382937df6d,0.8221153846153846,0.9483234714003944,0.7829742034334845,pneumoniamnist_42_saved_fp32_32,6158199,af739cb46e5e465fdadceba4d271dd73791c6dab46d3bca0b40ad0c706c35db3,2a1fe2f1420f3cf262edc0dc5f66624ec1053b86b9428632240933d1a5c850f5,d4ac570d8addae46811f0ab67e6f3890b6dbb310f2b0399a5166c00eecd65a8f,dbab670e7490711b42553ac082d482e40057e9abe466fece088cbd382937df6d,0.8221153846153846,0.9483234714003944,0.7829742034334845,0.0,0.0,0.0
pneumoniamnist_42_archive_fp16_16,pneumoniamnist,42,fp16,16,0,,a03ba4d50f582d7ba0341a075d030bff6a904887a04a6c8db492d5bcddd66d8a,d4ac570d8addae46811f0ab67e6f3890b6dbb310f2b0399a5166c00eecd65a8f,dbab670e7490711b42553ac082d482e40057e9abe466fece088cbd382937df6d,0.8253205128205128,0.948296077142231,0.7875874043977802,pneumoniamnist_42_saved_fp16_16,3118886,2417e436839cf800e62806d81aa7b6f68a8d9d767876f51fbc4b25e2cbdccd91,4d813a3b257d07761170774c4d48110df60782f9d44ae3be5be41ff9b3b99255,d4ac570d8addae46811f0ab67e6f3890b6dbb310f2b0399a5166c00eecd65a8f,dbab670e7490711b42553ac082d482e40057e9abe466fece088cbd382937df6d,0.8205128205128205,0.9483837387683542,0.7813813813813814,-0.004807692307692291,8.766162612328099e-05,-0.006206023016398832
pneumoniamnist_42_archive_int8_minmax_8,pneumoniamnist,42,int8_minmax,8,0,,dfec60b2db3ae12724d3b41fbe4593960b18d714ae268d170f4d0e78cd0583e9,d4ac570d8addae46811f0ab67e6f3890b6dbb310f2b0399a5166c00eecd65a8f,dbab670e7490711b42553ac082d482e40057e9abe466fece088cbd382937df6d,0.8365384615384616,0.9538735481043172,0.8040756017976975,pneumoniamnist_42_saved_int8_minmax_8,1640017,e87df479885546f564913985c5c896b00fcc901f2cce3e27332c243ecf23fae1,4b4eb72ec33efc348147bd54f177a1104f64e24aff82c7fe8f54248ac07356e7,d4ac570d8addae46811f0ab67e6f3890b6dbb310f2b0399a5166c00eecd65a8f,dbab670e7490711b42553ac082d482e40057e9abe466fece088cbd382937df6d,0.8333333333333334,0.9530517203594128,0.8002339469309856,-0.0032051282051281937,-0.0008218277449044686,-0.003841654866711952
pneumoniamnist_42_archive_uniform_full_2,pneumoniamnist,42,uniform_full,2,0,,6e5f2b5a4da43d0f2444e724b756c6800c09a18614b02cc8e6bf6294547587c1,d4ac570d8addae46811f0ab67e6f3890b6dbb310f2b0399a5166c00eecd65a8f,dbab670e7490711b42553ac082d482e40057e9abe466fece088cbd382937df6d,0.625,0.5,0.3846153846153846,pneumoniamnist_42_saved_uniform_full_2,514448,e6e9972cd6fbed026acf65a643d7ded870a1a1ab10f5e70d7e3b452fc25ff337,6a5976c19308721805d16a06ad69225bafd7f3389c9c17696fc4eb82e5fecf47,d4ac570d8addae46811f0ab67e6f3890b6dbb310f2b0399a5166c00eecd65a8f,dbab670e7490711b42553ac082d482e40057e9abe466fece088cbd382937df6d,0.625,0.5,0.3846153846153846,0.0,0.0,0.0
pneumoniamnist_42_archive_rotated_normal_codebook_2,pneumoniamnist,42,rotated_normal_codebook,2,0,,f5989698b32d0f99229a0aa33a8366c518259817827ef21e818854ebef89a602,d4ac570d8addae46811f0ab67e6f3890b6dbb310f2b0399a5166c00eecd65a8f,dbab670e7490711b42553ac082d482e40057e9abe466fece088cbd382937df6d,0.4791666666666667,0.4984001753232522,0.4784581082019405,pneumoniamnist_42_saved_rotated_normal_codebook_2,515376,78a1230f93d99b74b38657bb05d2bcf98afa24cb07f35b7c89fa98d06b38dad3,45e7147f01a43330e6e7cb2ebfce6442ad2aea2336e5d99baa909ca38a78a5d6,d4ac570d8addae46811f0ab67e6f3890b6dbb310f2b0399a5166c00eecd65a8f,dbab670e7490711b42553ac082d482e40057e9abe466fece088cbd382937df6d,0.4823717948717949,0.4996712689020381,0.4809200411036166,0.0032051282051281937,0.001271093578785909,0.002461932901676067
pneumoniamnist_42_archive_uniform_full_3,pneumoniamnist,42,uniform_full,3,0,,1b66f1f4e51c43a34b2c1530aa793672e4043d05c69601e52d3ee16c16e0db10,d4ac570d8addae46811f0ab67e6f3890b6dbb310f2b0399a5166c00eecd65a8f,dbab670e7490711b42553ac082d482e40057e9abe466fece088cbd382937df6d,0.625,0.5691705018628096,0.3846153846153846,pneumoniamnist_42_saved_uniform_full_3,702083,3cb1f5aaafdeb2853b9d4fcb9c30846e6a471af7b40ae951059699aca8f2fb03,91edf98b13ba6165d43cbf69d1a99c5cbf74e39dec4c1dcb645f2cf8a0cba487,d4ac570d8addae46811f0ab67e6f3890b6dbb310f2b0399a5166c00eecd65a8f,dbab670e7490711b42553ac082d482e40057e9abe466fece088cbd382937df6d,0.625,0.5710880999342539,0.3846153846153846,0.0,0.0019175980714443153,0.0
pneumoniamnist_42_archive_rotated_normal_codebook_3,pneumoniamnist,42,rotated_normal_codebook,3,0,,017ec13ccbf6557a063f59d3122da1f16c65d99fcefd8a2d42795d3ceb97c18d,d4ac570d8addae46811f0ab67e6f3890b6dbb310f2b0399a5166c00eecd65a8f,dbab670e7490711b42553ac082d482e40057e9abe466fece088cbd382937df6d,0.6201923076923077,0.2154722770107385,0.3827893175074184,pneumoniamnist_42_saved_rotated_normal_codebook_3,703010,e7d27c76d1e08e159fadd419b126fa571c567e5c6dd52f972901c06d5cd4d317,db529a00b4a5cb6e2749157eadbf92453b0fe16716ba229de83d16b0a9167781,d4ac570d8addae46811f0ab67e6f3890b6dbb310f2b0399a5166c00eecd65a8f,dbab670e7490711b42553ac082d482e40057e9abe466fece088cbd382937df6d,0.6217948717948718,0.21537365768135,0.383399209486166,0.0016025641025640969,-9.86193293885107e-05,0.000609891978747612
pneumoniamnist_42_archive_uniform_full_4,pneumoniamnist,42,uniform_full,4,0,,74b4bd6c3d6cab536ab700c3d5ef1e312e9c2fe33d71630ff9dca1864a81534f,d4ac570d8addae46811f0ab67e6f3890b6dbb310f2b0399a5166c00eecd65a8f,dbab670e7490711b42553ac082d482e40057e9abe466fece088cbd382937df6d,0.719551282051282,0.7812130177514793,0.629989801000925,pneumoniamnist_42_saved_uniform_full_4,889722,e921282df196f2e30b1e051cacd3e500ffe83547710636a34956d5af58e846b3,6e45dcf0f84c05cb607cf87ee2d5e78e25764ec92ce33e0a83b07395373c19c6,d4ac570d8addae46811f0ab67e6f3890b6dbb310f2b0399a5166c00eecd65a8f,dbab670e7490711b42553ac082d482e40057e9abe466fece088cbd382937df6d,0.717948717948718,0.7798323471400395,0.627098386483403,-0.0016025641025640969,-0.0013806706114398715,-0.002891414517522062
pneumoniamnist_42_archive_rotated_uniform_4,pneumoniamnist,42,rotated_uniform,4,0,,5147f7c19703091077c3d719f348364f9ba4651fac225c6c7b4f5736442099a7,d4ac570d8addae46811f0ab67e6f3890b6dbb310f2b0399a5166c00eecd65a8f,dbab670e7490711b42553ac082d482e40057e9abe466fece088cbd382937df6d,0.7115384615384616,0.7781996493534955,0.6032497350759449,pneumoniamnist_42_saved_rotated_uniform_4,889698,b4fdc99f5ac42b0d2e1d3af0b14b4d4b13fa8677f032a82e4bc3f9f264625a48,16419606fd63c8f2699471c3a9b9294d88bb39c1b8b0db97cab60734c8ccbf44,d4ac570d8addae46811f0ab67e6f3890b6dbb310f2b0399a5166c00eecd65a8f,dbab670e7490711b42553ac082d482e40057e9abe466fece088cbd382937df6d,0.7099358974358975,0.7785393381547228,0.6001232089560165,-0.0016025641025640969,0.00033968880122725587,-0.0031265261199284744
pneumoniamnist_42_archive_normal_codebook_4,pneumoniamnist,42,normal_codebook,4,0,,937847eb08116161346beb35b3a1e33a130149059ff31de37b9e7a0b79ccce4d,d4ac570d8addae46811f0ab67e6f3890b6dbb310f2b0399a5166c00eecd65a8f,dbab670e7490711b42553ac082d482e40057e9abe466fece088cbd382937df6d,0.625,0.6433377164146394,0.3846153846153846,pneumoniamnist_42_saved_normal_codebook_4,890666,f963e70137e779b0180738e37a8c8c833a730b3c6c2587784d5d25a46ac7f969,5e07bdbc2851f5abe04d2a518971c24b05763d21355a5bc00ec9a3a0f0900c5d,d4ac570d8addae46811f0ab67e6f3890b6dbb310f2b0399a5166c00eecd65a8f,dbab670e7490711b42553ac082d482e40057e9abe466fece088cbd382937df6d,0.625,0.6418803418803418,0.3846153846153846,0.0,-0.0014573745342976174,0.0
pneumoniamnist_42_archive_rotated_normal_codebook_4,pneumoniamnist,42,rotated_normal_codebook,4,0,,46e1e254203c33ca4b825f3b8b3994c1a1735dae719ae8df9c76bb5859a32ed0,d4ac570d8addae46811f0ab67e6f3890b6dbb310f2b0399a5166c00eecd65a8f,dbab670e7490711b42553ac082d482e40057e9abe466fece088cbd382937df6d,0.6346153846153846,0.8550624589086129,0.4119047619047619,pneumoniamnist_42_saved_rotated_normal_codebook_4,890647,676ce28fc501e7c097373274f71084de7a9f62115593f3d834b7fe9318f91f47,5f990901f34dde911e97626136a67f614cbe37e02bd07fc0e88ae5c0d59f3b58,d4ac570d8addae46811f0ab67e6f3890b6dbb310f2b0399a5166c00eecd65a8f,dbab670e7490711b42553ac082d482e40057e9abe466fece088cbd382937df6d,0.6346153846153846,0.8535393381547228,0.4119047619047619,0.0,-0.0015231207538900504,0.0
pneumoniamnist_456_archive_fp32_32,pneumoniamnist,456,fp32,32,0,,55da3e72ab18d731d31b6871d3d53fcbe0e45216a7dbcce977477b2b74cb571b,8e787f32e17cc57bb6609fd505d535a7f2c87dcf3082e3aae17db4face4eb8c0,dbab670e7490711b42553ac082d482e40057e9abe466fece088cbd382937df6d,0.8381410256410257,0.9632916940609249,0.8062987334302496,pneumoniamnist_456_saved_fp32_32,6158199,c2eec85e63a4bb497b0ade705daa73d509b62bc7361bdd71a197a4d28cb00082,55da3e72ab18d731d31b6871d3d53fcbe0e45216a7dbcce977477b2b74cb571b,8e787f32e17cc57bb6609fd505d535a7f2c87dcf3082e3aae17db4face4eb8c0,dbab670e7490711b42553ac082d482e40057e9abe466fece088cbd382937df6d,0.8381410256410257,0.9632916940609249,0.8062987334302496,0.0,0.0,0.0
pneumoniamnist_456_archive_fp16_16,pneumoniamnist,456,fp16,16,0,,0175b4e359a2e5c66d9c5d28521e193920e123ea6494aa2c7ece1851151ed1bb,8e787f32e17cc57bb6609fd505d535a7f2c87dcf3082e3aae17db4face4eb8c0,dbab670e7490711b42553ac082d482e40057e9abe466fece088cbd382937df6d,0.8381410256410257,0.9632642998027614,0.8062987334302496,pneumoniamnist_456_saved_fp16_16,3118886,0406f036b11c59411f96edbaa67b2aad35c788e40ace09c8d61348f5fb05345b,0078aae210479baccb06b658541514d9070b8f678d3a9aeff7c8942bdcf95831,8e787f32e17cc57bb6609fd505d535a7f2c87dcf3082e3aae17db4face4eb8c0,dbab670e7490711b42553ac082d482e40057e9abe466fece088cbd382937df6d,0.8381410256410257,0.9636478194170502,0.8062987334302496,0.0,0.00038351961428884085,0.0
pneumoniamnist_456_archive_int8_minmax_8,pneumoniamnist,456,int8_minmax,8,0,,b0acfae76665356715116555473c81764bab3d8c32c6223fbe063ee757c0eea6,8e787f32e17cc57bb6609fd505d535a7f2c87dcf3082e3aae17db4face4eb8c0,dbab670e7490711b42553ac082d482e40057e9abe466fece088cbd382937df6d,0.8333333333333334,0.9646230550076704,0.8002339469309856,pneumoniamnist_456_saved_int8_minmax_8,1640017,96f6021b67acb0e5af988f664a8e6289465880eb1abef164b02a50ea850e1217,4396befa24e3b58050681d4054f26dbf540067c5554eb398a8f6f7627ef2cecb,8e787f32e17cc57bb6609fd505d535a7f2c87dcf3082e3aae17db4face4eb8c0,dbab670e7490711b42553ac082d482e40057e9abe466fece088cbd382937df6d,0.8333333333333334,0.9650065746219592,0.8002339469309856,0.0,0.0003835196142887298,0.0
pneumoniamnist_456_archive_uniform_full_2,pneumoniamnist,456,uniform_full,2,0,,10b598f43856c2ef8f6462113ecebdf303485e75743677c4c25e6606abb34453,8e787f32e17cc57bb6609fd505d535a7f2c87dcf3082e3aae17db4face4eb8c0,dbab670e7490711b42553ac082d482e40057e9abe466fece088cbd382937df6d,0.625,0.5,0.3846153846153846,pneumoniamnist_456_saved_uniform_full_2,514448,82af5c1552c696c6de353a59397d70d5e4c3231195cd3f8a5d2efe3e6c08568a,4c0d4ad31825044279c51a196629c9b188461d7ea0014e6eae79b0fca52407ef,8e787f32e17cc57bb6609fd505d535a7f2c87dcf3082e3aae17db4face4eb8c0,dbab670e7490711b42553ac082d482e40057e9abe466fece088cbd382937df6d,0.625,0.5,0.3846153846153846,0.0,0.0,0.0
pneumoniamnist_456_archive_rotated_normal_codebook_2,pneumoniamnist,456,rotated_normal_codebook,2,0,,b03905f15f2afd5d3bbc3d961280c420a813003276641b0dd8a01a0964ff2d60,8e787f32e17cc57bb6609fd505d535a7f2c87dcf3082e3aae17db4face4eb8c0,dbab670e7490711b42553ac082d482e40057e9abe466fece088cbd382937df6d,0.657051282051282,0.7224742493973264,0.653405315614618,pneumoniamnist_456_saved_rotated_normal_codebook_2,515376,4100ed6f7db4ece6ecf66bf412c3d102e4d1d67d592407606c10789b85d6d699,4f413608474b4fd183359fe332e6974489479cc628c328330756ff7ada19eaec,8e787f32e17cc57bb6609fd505d535a7f2c87dcf3082e3aae17db4face4eb8c0,dbab670e7490711b42553ac082d482e40057e9abe466fece088cbd382937df6d,0.6474358974358975,0.7223098838483455,0.6449704142011834,-0.009615384615384581,-0.00016436554898091593,-0.008434901413434615
pneumoniamnist_456_archive_uniform_full_3,pneumoniamnist,456,uniform_full,3,0,,1cf68fcef32271101991cd781d50081cfaaebe859b1f58947a4f8a598e001b05,8e787f32e17cc57bb6609fd505d535a7f2c87dcf3082e3aae17db4face4eb8c0,dbab670e7490711b42553ac082d482e40057e9abe466fece088cbd382937df6d,0.625,0.4747589305281613,0.3886246399142493,pneumoniamnist_456_saved_uniform_full_3,702083,c624afcb17d4da65f389f0c07eac08bede2ea0b7647a02a6d3abf8089c3ff7f2,90ff6f067141ee11ed51d3d79e6a7888ea91344e88548713e3e43ce524fe8b42,8e787f32e17cc57bb6609fd505d535a7f2c87dcf3082e3aae17db4face4eb8c0,dbab670e7490711b42553ac082d482e40057e9abe466fece088cbd382937df6d,0.625,0.4730440499671269,0.3886246399142493,0.0,-0.0017148805610344153,0.0
pneumoniamnist_456_archive_rotated_normal_codebook_3,pneumoniamnist,456,rotated_normal_codebook,3,0,,89ca776737eeba28d645fb7b98546e35a1386c31f99a8ea2a0173bf6d620e02f,8e787f32e17cc57bb6609fd505d535a7f2c87dcf3082e3aae17db4face4eb8c0,dbab670e7490711b42553ac082d482e40057e9abe466fece088cbd382937df6d,0.625,0.3420337497260574,0.3846153846153846,pneumoniamnist_456_saved_rotated_normal_codebook_3,703010,58914fb838b973bf800ee69b3559f6ec4458a720882ea85e9ca0a1b34f55aac6,3acad896b9da02f00e4242e11c2ce942607ea6db0f96ad5c165224ab0b1ef36b,8e787f32e17cc57bb6609fd505d535a7f2c87dcf3082e3aae17db4face4eb8c0,dbab670e7490711b42553ac082d482e40057e9abe466fece088cbd382937df6d,0.625,0.342203594126671,0.3846153846153846,0.0,0.00016984440061362793,0.0
pneumoniamnist_456_archive_uniform_full_4,pneumoniamnist,456,uniform_full,4,0,,9616fdb9f234d79fc684ed15508ced1d13895cda96ddf103515fd33cb1cc6f7c,8e787f32e17cc57bb6609fd505d535a7f2c87dcf3082e3aae17db4face4eb8c0,dbab670e7490711b42553ac082d482e40057e9abe466fece088cbd382937df6d,0.655448717948718,0.6578073635765943,0.4701735679165926,pneumoniamnist_456_saved_uniform_full_4,889722,d25e85d0631f38b2c612b45475771f75b4d3e3871a13c166549932970cae285b,9c78e478c57b8ce93274aeface64c84442f49908b02f68f453afb827f8c5ac08,8e787f32e17cc57bb6609fd505d535a7f2c87dcf3082e3aae17db4face4eb8c0,dbab670e7490711b42553ac082d482e40057e9abe466fece088cbd382937df6d,0.6538461538461539,0.6561582292351523,0.4661512381374864,-0.0016025641025640969,-0.0016491343414419823,-0.004022329779106215
pneumoniamnist_456_archive_rotated_uniform_4,pneumoniamnist,456,rotated_uniform,4,0,,501545f96687a84215e90701c8e3ae0a96718961b2c5273d1666d20fda0fd5fc,8e787f32e17cc57bb6609fd505d535a7f2c87dcf3082e3aae17db4face4eb8c0,dbab670e7490711b42553ac082d482e40057e9abe466fece088cbd382937df6d,0.7467948717948718,0.8754602235371466,0.6623931623931625,pneumoniamnist_456_saved_rotated_uniform_4,889698,46bdaf26da90844e586f1986bb5de5e45ad723d16b7f0ec63f86223768a09af2,abbd342eb0c6cbe8a07a9fa02419b1e138d5161b8f1d07a727ef15527966a096,8e787f32e17cc57bb6609fd505d535a7f2c87dcf3082e3aae17db4face4eb8c0,dbab670e7490711b42553ac082d482e40057e9abe466fece088cbd382937df6d,0.7483974358974359,0.8769723865877712,0.6652440587039347,0.0016025641025640969,0.0015121630506246264,0.0028508963107721774
pneumoniamnist_456_archive_normal_codebook_4,pneumoniamnist,456,normal_codebook,4,0,,5e6d91ea638ad85f6f9fc7860ce6793104b0f6ecec03d50a535aeaf968e246d6,8e787f32e17cc57bb6609fd505d535a7f2c87dcf3082e3aae17db4face4eb8c0,dbab670e7490711b42553ac082d482e40057e9abe466fece088cbd382937df6d,0.625,0.8349441157133464,0.3846153846153846,pneumoniamnist_456_saved_normal_codebook_4,890666,a7685cdafe00774f8e2acc50c5992d1c9c971c8f2f9a0c223e6e46a0bcc349f2,5757cb44bc8b5f44821f237deada034a857af6f9c162c2d343cd4583fd8440f6,8e787f32e17cc57bb6609fd505d535a7f2c87dcf3082e3aae17db4face4eb8c0,dbab670e7490711b42553ac082d482e40057e9abe466fece088cbd382937df6d,0.625,0.8357056760902914,0.3846153846153846,0.0,0.0007615603769450807,0.0
pneumoniamnist_456_archive_rotated_normal_codebook_4,pneumoniamnist,456,rotated_normal_codebook,4,0,,151c3049556c761baa96b4a018776dc86d042cc9f528bd86843e33dc2a21afa8,8e787f32e17cc57bb6609fd505d535a7f2c87dcf3082e3aae17db4face4eb8c0,dbab670e7490711b42553ac082d482e40057e9abe466fece088cbd382937df6d,0.625,0.885985097523559,0.3846153846153846,pneumoniamnist_456_saved_rotated_normal_codebook_4,890647,7a9b8e8b65cb0943a32f92d61a1cdef6e942872daf883147ff6c0e92a5267111,478477fc6a0a68953feb58733dd1e41dc1152445ee06eebd609ca15508932e48,8e787f32e17cc57bb6609fd505d535a7f2c87dcf3082e3aae17db4face4eb8c0,dbab670e7490711b42553ac082d482e40057e9abe466fece088cbd382937df6d,0.625,0.8864069690992769,0.3846153846153846,0.0,0.00042187157571782485,0.0
